data,target,seed,learning_rate,model,max_depth,l2,criterion,value
BBBP,p_np,7,0.001,XGB,6,0.5,ROC-AUC,0.6564216205800173
BACE,Class,7,0.001,XGB,6,0.5,ROC-AUC,0.8207427536231884
HIV,HIV_active,7,0.001,XGB,6,0.5,ROC-AUC,0.6775855076382318
ESOL,measured log solubility in mols per litre,7,0.001,XGB,6,0.5,RMSE,1.7214111617681074
Lipo,exp,7,0.001,XGB,6,0.5,RMSE,0.9608429121449247
BBBP,p_np,7,0.001,LGBM,6,0.5,ROC-AUC,0.7045476442817227
BACE,Class,7,0.001,LGBM,6,0.5,ROC-AUC,0.8018115942028985
HIV,HIV_active,7,0.001,LGBM,6,0.5,ROC-AUC,0.6746132602020125
ESOL,measured log solubility in mols per litre,7,0.001,LGBM,6,0.5,RMSE,1.6687879900119253
Lipo,exp,7,0.001,LGBM,6,0.5,RMSE,0.9774946841894133
BBBP,p_np,7,0.001,CatBoost,6,0.5,ROC-AUC,0.6542056074766356
BACE,Class,7,0.001,CatBoost,6,0.5,ROC-AUC,0.8179347826086957
HIV,HIV_active,7,0.001,CatBoost,6,0.5,ROC-AUC,0.7387628189034166
ESOL,measured log solubility in mols per litre,7,0.001,CatBoost,6,0.5,RMSE,1.7279082475509997
Lipo,exp,7,0.001,CatBoost,6,0.5,RMSE,1.0003574651192904
BBBP,p_np,7,0.001,XGB,6,1.0,ROC-AUC,0.6306484247037286
BACE,Class,7,0.001,XGB,6,1.0,ROC-AUC,0.78125
HIV,HIV_active,7,0.001,XGB,6,1.0,ROC-AUC,0.6751462948299504
ESOL,measured log solubility in mols per litre,7,0.001,XGB,6,1.0,RMSE,1.725483717362398
Lipo,exp,7,0.001,XGB,6,1.0,RMSE,0.9555808346926241
BBBP,p_np,7,0.001,LGBM,6,1.0,ROC-AUC,0.7112438577897678
BACE,Class,7,0.001,LGBM,6,1.0,ROC-AUC,0.7591485507246376
HIV,HIV_active,7,0.001,LGBM,6,1.0,ROC-AUC,0.6782083470132678
ESOL,measured log solubility in mols per litre,7,0.001,LGBM,6,1.0,RMSE,1.6712467646368128
Lipo,exp,7,0.001,LGBM,6,1.0,RMSE,0.979277528021202
BBBP,p_np,7,0.001,CatBoost,6,1.0,ROC-AUC,0.6653820213893438
BACE,Class,7,0.001,CatBoost,6,1.0,ROC-AUC,0.8288043478260869
HIV,HIV_active,7,0.001,CatBoost,6,1.0,ROC-AUC,0.7356495876706772
ESOL,measured log solubility in mols per litre,7,0.001,CatBoost,6,1.0,RMSE,1.7325836868138116
Lipo,exp,7,0.001,CatBoost,6,1.0,RMSE,1.0000975082147934
BBBP,p_np,7,0.001,XGB,6,1.5,ROC-AUC,0.6228923788418922
BACE,Class,7,0.001,XGB,6,1.5,ROC-AUC,0.7798913043478262
HIV,HIV_active,7,0.001,XGB,6,1.5,ROC-AUC,0.6751569168968115
ESOL,measured log solubility in mols per litre,7,0.001,XGB,6,1.5,RMSE,1.7247796282291379
Lipo,exp,7,0.001,XGB,6,1.5,RMSE,0.9530676120751338
BBBP,p_np,7,0.001,LGBM,6,1.5,ROC-AUC,0.6537720396955392
BACE,Class,7,0.001,LGBM,6,1.5,ROC-AUC,0.8044384057971016
HIV,HIV_active,7,0.001,LGBM,6,1.5,ROC-AUC,0.7379671295312772
ESOL,measured log solubility in mols per litre,7,0.001,LGBM,6,1.5,RMSE,1.6771874375511668
Lipo,exp,7,0.001,LGBM,6,1.5,RMSE,0.9769810831117253
BBBP,p_np,7,0.001,CatBoost,6,1.5,ROC-AUC,0.630118508526833
BACE,Class,7,0.001,CatBoost,6,1.5,ROC-AUC,0.8286231884057972
HIV,HIV_active,7,0.001,CatBoost,6,1.5,ROC-AUC,0.7362154541416405
ESOL,measured log solubility in mols per litre,7,0.001,CatBoost,6,1.5,RMSE,1.7367070198036425
Lipo,exp,7,0.001,CatBoost,6,1.5,RMSE,1.0003309082162564
BBBP,p_np,7,0.001,XGB,8,0.5,ROC-AUC,0.6886983331727528
BACE,Class,7,0.001,XGB,8,0.5,ROC-AUC,0.8106884057971014
HIV,HIV_active,7,0.001,XGB,8,0.5,ROC-AUC,0.7539678247938353
ESOL,measured log solubility in mols per litre,7,0.001,XGB,8,0.5,RMSE,1.756701450216185
Lipo,exp,7,0.001,XGB,8,0.5,RMSE,0.9481665618149379
BBBP,p_np,7,0.001,LGBM,8,0.5,ROC-AUC,0.6833991714037961
BACE,Class,7,0.001,LGBM,8,0.5,ROC-AUC,0.756521739130435
HIV,HIV_active,7,0.001,LGBM,8,0.5,ROC-AUC,0.6917485853338226
ESOL,measured log solubility in mols per litre,7,0.001,LGBM,8,0.5,RMSE,1.6309643186623528
Lipo,exp,7,0.001,LGBM,8,0.5,RMSE,0.959250826938324
BBBP,p_np,7,0.001,CatBoost,8,0.5,ROC-AUC,0.6695250024087099
BACE,Class,7,0.001,CatBoost,8,0.5,ROC-AUC,0.7996376811594204
HIV,HIV_active,7,0.001,CatBoost,8,0.5,ROC-AUC,0.7322292821414087
ESOL,measured log solubility in mols per litre,7,0.001,CatBoost,8,0.5,RMSE,1.7113261128819743
Lipo,exp,7,0.001,CatBoost,8,0.5,RMSE,0.9844750486851817
BBBP,p_np,7,0.001,XGB,8,1.0,ROC-AUC,0.6985258695442721
BACE,Class,7,0.001,XGB,8,1.0,ROC-AUC,0.8085144927536232
HIV,HIV_active,7,0.001,XGB,8,1.0,ROC-AUC,0.630246818208154
ESOL,measured log solubility in mols per litre,7,0.001,XGB,8,1.0,RMSE,1.7788729345202903
Lipo,exp,7,0.001,XGB,8,1.0,RMSE,0.9405634627982112
BBBP,p_np,7,0.001,LGBM,8,1.0,ROC-AUC,0.6846517005491859
BACE,Class,7,0.001,LGBM,8,1.0,ROC-AUC,0.7528985507246377
HIV,HIV_active,7,0.001,LGBM,8,1.0,ROC-AUC,0.7553216554974024
ESOL,measured log solubility in mols per litre,7,0.001,LGBM,8,1.0,RMSE,1.6355527778358125
Lipo,exp,7,0.001,LGBM,8,1.0,RMSE,0.9592565002662731
BBBP,p_np,7,0.001,CatBoost,8,1.0,ROC-AUC,0.6762693901146546
BACE,Class,7,0.001,CatBoost,8,1.0,ROC-AUC,0.8400362318840578
HIV,HIV_active,7,0.001,CatBoost,8,1.0,ROC-AUC,0.7350817899148303
ESOL,measured log solubility in mols per litre,7,0.001,CatBoost,8,1.0,RMSE,1.7172211028160602
Lipo,exp,7,0.001,CatBoost,8,1.0,RMSE,0.9842911317687381
BBBP,p_np,7,0.001,XGB,8,1.5,ROC-AUC,0.6947682821081029
BACE,Class,7,0.001,XGB,8,1.5,ROC-AUC,0.8177536231884057
HIV,HIV_active,7,0.001,XGB,8,1.5,ROC-AUC,0.661070124954132
ESOL,measured log solubility in mols per litre,7,0.001,XGB,8,1.5,RMSE,1.7467967704448228
Lipo,exp,7,0.001,XGB,8,1.5,RMSE,0.9347310473497388
BBBP,p_np,7,0.001,LGBM,8,1.5,ROC-AUC,0.6926967915984199
BACE,Class,7,0.001,LGBM,8,1.5,ROC-AUC,0.7603260869565218
HIV,HIV_active,7,0.001,LGBM,8,1.5,ROC-AUC,0.6807470209930666
ESOL,measured log solubility in mols per litre,7,0.001,LGBM,8,1.5,RMSE,1.6399589766660498
Lipo,exp,7,0.001,LGBM,8,1.5,RMSE,0.9590060824505967
BBBP,p_np,7,0.001,CatBoost,8,1.5,ROC-AUC,0.6709702283456982
BACE,Class,7,0.001,CatBoost,8,1.5,ROC-AUC,0.8311594202898551
HIV,HIV_active,7,0.001,CatBoost,8,1.5,ROC-AUC,0.7438633422816199
ESOL,measured log solubility in mols per litre,7,0.001,CatBoost,8,1.5,RMSE,1.719590397173341
Lipo,exp,7,0.001,CatBoost,8,1.5,RMSE,0.984822462051651
BBBP,p_np,7,0.001,XGB,12,0.5,ROC-AUC,0.656951536756913
BACE,Class,7,0.001,XGB,12,0.5,ROC-AUC,0.7177536231884057
HIV,HIV_active,7,0.001,XGB,12,0.5,ROC-AUC,0.6688609281755152
ESOL,measured log solubility in mols per litre,7,0.001,XGB,12,0.5,RMSE,1.724509542015214
Lipo,exp,7,0.001,XGB,12,0.5,RMSE,0.9474589404544419
BBBP,p_np,7,0.001,LGBM,12,0.5,ROC-AUC,0.7274785624819347
BACE,Class,7,0.001,LGBM,12,0.5,ROC-AUC,0.7693840579710145
HIV,HIV_active,7,0.001,LGBM,12,0.5,ROC-AUC,0.7584725467853762
ESOL,measured log solubility in mols per litre,7,0.001,LGBM,12,0.5,RMSE,1.618876609698565
Lipo,exp,7,0.001,LGBM,12,0.5,RMSE,0.9392857462514407
BBBP,p_np,7,0.001,CatBoost,12,0.5,ROC-AUC,0.6842663069659891
BACE,Class,7,0.001,CatBoost,12,0.5,ROC-AUC,0.8454710144927536
HIV,HIV_active,7,0.001,CatBoost,12,0.5,ROC-AUC,0.7392823345371677
ESOL,measured log solubility in mols per litre,7,0.001,CatBoost,12,0.5,RMSE,1.7102186450562844
Lipo,exp,7,0.001,CatBoost,12,0.5,RMSE,0.9649465057267597
BBBP,p_np,7,0.001,XGB,12,1.0,ROC-AUC,0.6984295211484729
BACE,Class,7,0.001,XGB,12,1.0,ROC-AUC,0.7701086956521739
HIV,HIV_active,7,0.001,XGB,12,1.0,ROC-AUC,0.7195513625214854
ESOL,measured log solubility in mols per litre,7,0.001,XGB,12,1.0,RMSE,1.7452622097509165
Lipo,exp,7,0.001,XGB,12,1.0,RMSE,0.9353027424757911
BBBP,p_np,7,0.001,LGBM,12,1.0,ROC-AUC,0.7069563541767029
BACE,Class,7,0.001,LGBM,12,1.0,ROC-AUC,0.7890398550724639
HIV,HIV_active,7,0.001,LGBM,12,1.0,ROC-AUC,0.7443616137816489
ESOL,measured log solubility in mols per litre,7,0.001,LGBM,12,1.0,RMSE,1.6126603608972891
Lipo,exp,7,0.001,LGBM,12,1.0,RMSE,0.9407610635394675
BBBP,p_np,7,0.001,CatBoost,12,1.0,ROC-AUC,0.6829174294248002
BACE,Class,7,0.001,CatBoost,12,1.0,ROC-AUC,0.8297101449275363
HIV,HIV_active,7,0.001,CatBoost,12,1.0,ROC-AUC,0.7374051256300816
ESOL,measured log solubility in mols per litre,7,0.001,CatBoost,12,1.0,RMSE,1.7189776568014787
Lipo,exp,7,0.001,CatBoost,12,1.0,RMSE,0.9658601452195905
BBBP,p_np,7,0.001,XGB,12,1.5,ROC-AUC,0.6539647364871375
BACE,Class,7,0.001,XGB,12,1.5,ROC-AUC,0.8201992753623188
HIV,HIV_active,7,0.001,XGB,12,1.5,ROC-AUC,0.6019747387937194
ESOL,measured log solubility in mols per litre,7,0.001,XGB,12,1.5,RMSE,1.8019100965820778
Lipo,exp,7,0.001,XGB,12,1.5,RMSE,0.9311778226628521
BBBP,p_np,7,0.001,LGBM,12,1.5,ROC-AUC,0.7077753155409963
BACE,Class,7,0.001,LGBM,12,1.5,ROC-AUC,0.7604166666666665
HIV,HIV_active,7,0.001,LGBM,12,1.5,ROC-AUC,0.7378773247841789
ESOL,measured log solubility in mols per litre,7,0.001,LGBM,12,1.5,RMSE,1.6210247888716087
Lipo,exp,7,0.001,LGBM,12,1.5,RMSE,0.9404637427804096
BBBP,p_np,7,0.001,CatBoost,12,1.5,ROC-AUC,0.6696213508045091
BACE,Class,7,0.001,CatBoost,12,1.5,ROC-AUC,0.8177536231884058
HIV,HIV_active,7,0.001,CatBoost,12,1.5,ROC-AUC,0.7543251124973445
ESOL,measured log solubility in mols per litre,7,0.001,CatBoost,12,1.5,RMSE,1.715984219828033
Lipo,exp,7,0.001,CatBoost,12,1.5,RMSE,0.9671676986958189
BBBP,p_np,7,0.005,XGB,6,0.5,ROC-AUC,0.6756912997398593
BACE,Class,7,0.005,XGB,6,0.5,ROC-AUC,0.8230978260869565
HIV,HIV_active,7,0.005,XGB,6,0.5,ROC-AUC,0.7263021688329246
ESOL,measured log solubility in mols per litre,7,0.005,XGB,6,0.5,RMSE,1.688067071777798
Lipo,exp,7,0.005,XGB,6,0.5,RMSE,0.9163048026080397
BBBP,p_np,7,0.005,LGBM,6,0.5,ROC-AUC,0.6867713652567684
BACE,Class,7,0.005,LGBM,6,0.5,ROC-AUC,0.8021739130434782
HIV,HIV_active,7,0.005,LGBM,6,0.5,ROC-AUC,0.7349185963421464
ESOL,measured log solubility in mols per litre,7,0.005,LGBM,6,0.5,RMSE,1.6507802227949189
Lipo,exp,7,0.005,LGBM,6,0.5,RMSE,0.9230274750454802
BBBP,p_np,7,0.005,CatBoost,6,0.5,ROC-AUC,0.6719337123036903
BACE,Class,7,0.005,CatBoost,6,0.5,ROC-AUC,0.8230978260869565
HIV,HIV_active,7,0.005,CatBoost,6,0.5,ROC-AUC,0.7423018984530408
ESOL,measured log solubility in mols per litre,7,0.005,CatBoost,6,0.5,RMSE,1.6137737142765307
Lipo,exp,7,0.005,CatBoost,6,0.5,RMSE,0.9504579837239067
BBBP,p_np,7,0.005,XGB,6,1.0,ROC-AUC,0.6611426919741786
BACE,Class,7,0.005,XGB,6,1.0,ROC-AUC,0.8241847826086957
HIV,HIV_active,7,0.005,XGB,6,1.0,ROC-AUC,0.7281475115394271
ESOL,measured log solubility in mols per litre,7,0.005,XGB,6,1.0,RMSE,1.6850579861410615
Lipo,exp,7,0.005,XGB,6,1.0,RMSE,0.9152400430070998
BBBP,p_np,7,0.005,LGBM,6,1.0,ROC-AUC,0.7026688505636381
BACE,Class,7,0.005,LGBM,6,1.0,ROC-AUC,0.8004528985507245
HIV,HIV_active,7,0.005,LGBM,6,1.0,ROC-AUC,0.745334981363101
ESOL,measured log solubility in mols per litre,7,0.005,LGBM,6,1.0,RMSE,1.6158757111389166
Lipo,exp,7,0.005,LGBM,6,1.0,RMSE,0.9273883628343402
BBBP,p_np,7,0.005,CatBoost,6,1.0,ROC-AUC,0.6860005780903748
BACE,Class,7,0.005,CatBoost,6,1.0,ROC-AUC,0.8291666666666666
HIV,HIV_active,7,0.005,CatBoost,6,1.0,ROC-AUC,0.7425906255431738
ESOL,measured log solubility in mols per litre,7,0.005,CatBoost,6,1.0,RMSE,1.627137418186604
Lipo,exp,7,0.005,CatBoost,6,1.0,RMSE,0.949153864650119
BBBP,p_np,7,0.005,XGB,6,1.5,ROC-AUC,0.6667308989305328
BACE,Class,7,0.005,XGB,6,1.5,ROC-AUC,0.8249094202898551
HIV,HIV_active,7,0.005,XGB,6,1.5,ROC-AUC,0.72934297688252
ESOL,measured log solubility in mols per litre,7,0.005,XGB,6,1.5,RMSE,1.6923177223693153
Lipo,exp,7,0.005,XGB,6,1.5,RMSE,0.9091212983014701
BBBP,p_np,7,0.005,LGBM,6,1.5,ROC-AUC,0.6931303593795163
BACE,Class,7,0.005,LGBM,6,1.5,ROC-AUC,0.804981884057971
HIV,HIV_active,7,0.005,LGBM,6,1.5,ROC-AUC,0.7503399061395547
ESOL,measured log solubility in mols per litre,7,0.005,LGBM,6,1.5,RMSE,1.6535442365400763
Lipo,exp,7,0.005,LGBM,6,1.5,RMSE,0.9216373918034833
BBBP,p_np,7,0.005,CatBoost,6,1.5,ROC-AUC,0.6422584063975334
BACE,Class,7,0.005,CatBoost,6,1.5,ROC-AUC,0.8289855072463769
HIV,HIV_active,7,0.005,CatBoost,6,1.5,ROC-AUC,0.7416211205314895
ESOL,measured log solubility in mols per litre,7,0.005,CatBoost,6,1.5,RMSE,1.6063869325406106
Lipo,exp,7,0.005,CatBoost,6,1.5,RMSE,0.9490786298067385
BBBP,p_np,7,0.005,XGB,8,0.5,ROC-AUC,0.7044512958859235
BACE,Class,7,0.005,XGB,8,0.5,ROC-AUC,0.8112318840579711
HIV,HIV_active,7,0.005,XGB,8,0.5,ROC-AUC,0.7740078023909307
ESOL,measured log solubility in mols per litre,7,0.005,XGB,8,0.5,RMSE,1.7099545307179616
Lipo,exp,7,0.005,XGB,8,0.5,RMSE,0.9118826835342114
BBBP,p_np,7,0.005,LGBM,8,0.5,ROC-AUC,0.6860005780903747
BACE,Class,7,0.005,LGBM,8,0.5,ROC-AUC,0.7547101449275363
HIV,HIV_active,7,0.005,LGBM,8,0.5,ROC-AUC,0.7744896579694471
ESOL,measured log solubility in mols per litre,7,0.005,LGBM,8,0.5,RMSE,1.6275886607104986
Lipo,exp,7,0.005,LGBM,8,0.5,RMSE,0.9115785380510679
BBBP,p_np,7,0.005,CatBoost,8,0.5,ROC-AUC,0.6859042296945757
BACE,Class,7,0.005,CatBoost,8,0.5,ROC-AUC,0.8336956521739131
HIV,HIV_active,7,0.005,CatBoost,8,0.5,ROC-AUC,0.7488151567237684
ESOL,measured log solubility in mols per litre,7,0.005,CatBoost,8,0.5,RMSE,1.6441140329534973
Lipo,exp,7,0.005,CatBoost,8,0.5,RMSE,0.9409203388888182
BBBP,p_np,7,0.005,XGB,8,1.0,ROC-AUC,0.6984295211484729
BACE,Class,7,0.005,XGB,8,1.0,ROC-AUC,0.8134057971014493
HIV,HIV_active,7,0.005,XGB,8,1.0,ROC-AUC,0.76199617605593
ESOL,measured log solubility in mols per litre,7,0.005,XGB,8,1.0,RMSE,1.7269628372519932
Lipo,exp,7,0.005,XGB,8,1.0,RMSE,0.9063826289756699
BBBP,p_np,7,0.005,LGBM,8,1.0,ROC-AUC,0.7083534059157915
BACE,Class,7,0.005,LGBM,8,1.0,ROC-AUC,0.758695652173913
HIV,HIV_active,7,0.005,LGBM,8,1.0,ROC-AUC,0.7711437069082061
ESOL,measured log solubility in mols per litre,7,0.005,LGBM,8,1.0,RMSE,1.6217081056330904
Lipo,exp,7,0.005,LGBM,8,1.0,RMSE,0.9070555675927827
BBBP,p_np,7,0.005,CatBoost,8,1.0,ROC-AUC,0.6868677136525677
BACE,Class,7,0.005,CatBoost,8,1.0,ROC-AUC,0.8378623188405797
HIV,HIV_active,7,0.005,CatBoost,8,1.0,ROC-AUC,0.729989957318604
ESOL,measured log solubility in mols per litre,7,0.005,CatBoost,8,1.0,RMSE,1.6358881786560455
Lipo,exp,7,0.005,CatBoost,8,1.0,RMSE,0.9381251539474383
BBBP,p_np,7,0.005,XGB,8,1.5,ROC-AUC,0.693419404566914
BACE,Class,7,0.005,XGB,8,1.5,ROC-AUC,0.8254528985507246
HIV,HIV_active,7,0.005,XGB,8,1.5,ROC-AUC,0.7595473068232295
ESOL,measured log solubility in mols per litre,7,0.005,XGB,8,1.5,RMSE,1.7116204177079235
Lipo,exp,7,0.005,XGB,8,1.5,RMSE,0.904531907307007
BBBP,p_np,7,0.005,LGBM,8,1.5,ROC-AUC,0.7113883803834666
BACE,Class,7,0.005,LGBM,8,1.5,ROC-AUC,0.7509963768115941
HIV,HIV_active,7,0.005,LGBM,8,1.5,ROC-AUC,0.7740464280886074
ESOL,measured log solubility in mols per litre,7,0.005,LGBM,8,1.5,RMSE,1.6389963391967566
Lipo,exp,7,0.005,LGBM,8,1.5,RMSE,0.9065574981877035
BBBP,p_np,7,0.005,CatBoost,8,1.5,ROC-AUC,0.6918778302341266
BACE,Class,7,0.005,CatBoost,8,1.5,ROC-AUC,0.8333333333333334
HIV,HIV_active,7,0.005,CatBoost,8,1.5,ROC-AUC,0.7331862338013481
ESOL,measured log solubility in mols per litre,7,0.005,CatBoost,8,1.5,RMSE,1.6297799047029098
Lipo,exp,7,0.005,CatBoost,8,1.5,RMSE,0.9351372533028379
BBBP,p_np,7,0.005,XGB,12,0.5,ROC-AUC,0.6932267077753155
BACE,Class,7,0.005,XGB,12,0.5,ROC-AUC,0.8327898550724638
HIV,HIV_active,7,0.005,XGB,12,0.5,ROC-AUC,0.7550203750555243
ESOL,measured log solubility in mols per litre,7,0.005,XGB,12,0.5,RMSE,1.6973290047844003
Lipo,exp,7,0.005,XGB,12,0.5,RMSE,0.9319210093371553
BBBP,p_np,7,0.005,LGBM,12,0.5,ROC-AUC,0.7084979285094903
BACE,Class,7,0.005,LGBM,12,0.5,ROC-AUC,0.7714673913043479
HIV,HIV_active,7,0.005,LGBM,12,0.5,ROC-AUC,0.7806417659668978
ESOL,measured log solubility in mols per litre,7,0.005,LGBM,12,0.5,RMSE,1.5866460851591797
Lipo,exp,7,0.005,LGBM,12,0.5,RMSE,0.8895390634816228
BBBP,p_np,7,0.005,CatBoost,12,0.5,ROC-AUC,0.6938047981501108
BACE,Class,7,0.005,CatBoost,12,0.5,ROC-AUC,0.8365942028985507
HIV,HIV_active,7,0.005,CatBoost,12,0.5,ROC-AUC,0.7423550087873462
ESOL,measured log solubility in mols per litre,7,0.005,CatBoost,12,0.5,RMSE,1.6678427698529459
Lipo,exp,7,0.005,CatBoost,12,0.5,RMSE,0.9273009567587522
BBBP,p_np,7,0.005,XGB,12,1.0,ROC-AUC,0.705607476635514
BACE,Class,7,0.005,XGB,12,1.0,ROC-AUC,0.8155797101449275
HIV,HIV_active,7,0.005,XGB,12,1.0,ROC-AUC,0.7242955638386219
ESOL,measured log solubility in mols per litre,7,0.005,XGB,12,1.0,RMSE,1.7309846243000822
Lipo,exp,7,0.005,XGB,12,1.0,RMSE,0.9152677725654259
BBBP,p_np,7,0.005,LGBM,12,1.0,ROC-AUC,0.7172174583293188
BACE,Class,7,0.005,LGBM,12,1.0,ROC-AUC,0.7876811594202899
HIV,HIV_active,7,0.005,LGBM,12,1.0,ROC-AUC,0.7611753799803009
ESOL,measured log solubility in mols per litre,7,0.005,LGBM,12,1.0,RMSE,1.5545592483973152
Lipo,exp,7,0.005,LGBM,12,1.0,RMSE,0.8843175328384933
BBBP,p_np,7,0.005,CatBoost,12,1.0,ROC-AUC,0.6867713652567684
BACE,Class,7,0.005,CatBoost,12,1.0,ROC-AUC,0.8317028985507245
HIV,HIV_active,7,0.005,CatBoost,12,1.0,ROC-AUC,0.7580949805905869
ESOL,measured log solubility in mols per litre,7,0.005,CatBoost,12,1.0,RMSE,1.6591506484848761
Lipo,exp,7,0.005,CatBoost,12,1.0,RMSE,0.9221828250547425
BBBP,p_np,7,0.005,XGB,12,1.5,ROC-AUC,0.7059446960208112
BACE,Class,7,0.005,XGB,12,1.5,ROC-AUC,0.8207427536231883
HIV,HIV_active,7,0.005,XGB,12,1.5,ROC-AUC,0.7225400258792174
ESOL,measured log solubility in mols per litre,7,0.005,XGB,12,1.5,RMSE,1.788518718165112
Lipo,exp,7,0.005,XGB,12,1.5,RMSE,0.8993156231901834
BBBP,p_np,7,0.005,LGBM,12,1.5,ROC-AUC,0.7075344445514983
BACE,Class,7,0.005,LGBM,12,1.5,ROC-AUC,0.8269927536231884
HIV,HIV_active,7,0.005,LGBM,12,1.5,ROC-AUC,0.7657428687305665
ESOL,measured log solubility in mols per litre,7,0.005,LGBM,12,1.5,RMSE,1.61241274130771
Lipo,exp,7,0.005,LGBM,12,1.5,RMSE,0.8897398246643402
BBBP,p_np,7,0.005,CatBoost,12,1.5,ROC-AUC,0.6969842952114849
BACE,Class,7,0.005,CatBoost,12,1.5,ROC-AUC,0.8333333333333334
HIV,HIV_active,7,0.005,CatBoost,12,1.5,ROC-AUC,0.7603024392128084
ESOL,measured log solubility in mols per litre,7,0.005,CatBoost,12,1.5,RMSE,1.6327303597186087
Lipo,exp,7,0.005,CatBoost,12,1.5,RMSE,0.9259390224836249
BBBP,p_np,7,0.01,XGB,6,0.5,ROC-AUC,0.6767511320936506
BACE,Class,7,0.01,XGB,6,0.5,ROC-AUC,0.8239130434782609
HIV,HIV_active,7,0.01,XGB,6,0.5,ROC-AUC,0.7300044419552328
ESOL,measured log solubility in mols per litre,7,0.01,XGB,6,0.5,RMSE,1.6878740423730192
Lipo,exp,7,0.01,XGB,6,0.5,RMSE,0.9092087570637969
BBBP,p_np,7,0.01,LGBM,6,0.5,ROC-AUC,0.6900472107139416
BACE,Class,7,0.01,LGBM,6,0.5,ROC-AUC,0.7994565217391304
HIV,HIV_active,7,0.01,LGBM,6,0.5,ROC-AUC,0.7733627532397305
ESOL,measured log solubility in mols per litre,7,0.01,LGBM,6,0.5,RMSE,1.60602711736991
Lipo,exp,7,0.01,LGBM,6,0.5,RMSE,0.9235121435009623
BBBP,p_np,7,0.01,CatBoost,6,0.5,ROC-AUC,0.6905289526929377
BACE,Class,7,0.01,CatBoost,6,0.5,ROC-AUC,0.8068840579710144
HIV,HIV_active,7,0.01,CatBoost,6,0.5,ROC-AUC,0.7190472971668052
ESOL,measured log solubility in mols per litre,7,0.01,CatBoost,6,0.5,RMSE,1.6160520671095275
Lipo,exp,7,0.01,CatBoost,6,0.5,RMSE,0.9408489000986024
BBBP,p_np,7,0.01,XGB,6,1.0,ROC-AUC,0.6794488871760284
BACE,Class,7,0.01,XGB,6,1.0,ROC-AUC,0.8229166666666666
HIV,HIV_active,7,0.01,XGB,6,1.0,ROC-AUC,0.7414984839413662
ESOL,measured log solubility in mols per litre,7,0.01,XGB,6,1.0,RMSE,1.6903713139509415
Lipo,exp,7,0.01,XGB,6,1.0,RMSE,0.9047991338458127
BBBP,p_np,7,0.01,LGBM,6,1.0,ROC-AUC,0.6893727719433471
BACE,Class,7,0.01,LGBM,6,1.0,ROC-AUC,0.8021739130434783
HIV,HIV_active,7,0.01,LGBM,6,1.0,ROC-AUC,0.7752525154985612
ESOL,measured log solubility in mols per litre,7,0.01,LGBM,6,1.0,RMSE,1.6080376713378106
Lipo,exp,7,0.01,LGBM,6,1.0,RMSE,0.9300045369211647
BBBP,p_np,7,0.01,CatBoost,6,1.0,ROC-AUC,0.6640331438481549
BACE,Class,7,0.01,CatBoost,6,1.0,ROC-AUC,0.8052536231884058
HIV,HIV_active,7,0.01,CatBoost,6,1.0,ROC-AUC,0.7272591204928639
ESOL,measured log solubility in mols per litre,7,0.01,CatBoost,6,1.0,RMSE,1.5929349724670043
Lipo,exp,7,0.01,CatBoost,6,1.0,RMSE,0.9380117910092284
BBBP,p_np,7,0.01,XGB,6,1.5,ROC-AUC,0.6657192407746412
BACE,Class,7,0.01,XGB,6,1.5,ROC-AUC,0.8259057971014493
HIV,HIV_active,7,0.01,XGB,6,1.5,ROC-AUC,0.7364105139149076
ESOL,measured log solubility in mols per litre,7,0.01,XGB,6,1.5,RMSE,1.6885318655375843
Lipo,exp,7,0.01,XGB,6,1.5,RMSE,0.903042639658517
BBBP,p_np,7,0.01,LGBM,6,1.5,ROC-AUC,0.6967915984198864
BACE,Class,7,0.01,LGBM,6,1.5,ROC-AUC,0.8040760869565218
HIV,HIV_active,7,0.01,LGBM,6,1.5,ROC-AUC,0.7352372583479788
ESOL,measured log solubility in mols per litre,7,0.01,LGBM,6,1.5,RMSE,1.6151452874721093
Lipo,exp,7,0.01,LGBM,6,1.5,RMSE,0.9203260363358514
BBBP,p_np,7,0.01,CatBoost,6,1.5,ROC-AUC,0.6836882165911937
BACE,Class,7,0.01,CatBoost,6,1.5,ROC-AUC,0.8048913043478261
HIV,HIV_active,7,0.01,CatBoost,6,1.5,ROC-AUC,0.7346308348944554
ESOL,measured log solubility in mols per litre,7,0.01,CatBoost,6,1.5,RMSE,1.5846646558770447
Lipo,exp,7,0.01,CatBoost,6,1.5,RMSE,0.9377829422402503
BBBP,p_np,7,0.01,XGB,8,0.5,ROC-AUC,0.7032951151363329
BACE,Class,7,0.01,XGB,8,0.5,ROC-AUC,0.8092391304347827
HIV,HIV_active,7,0.01,XGB,8,0.5,ROC-AUC,0.7763012031904826
ESOL,measured log solubility in mols per litre,7,0.01,XGB,8,0.5,RMSE,1.71142884870875
Lipo,exp,7,0.01,XGB,8,0.5,RMSE,0.9045324834473669
BBBP,p_np,7,0.01,LGBM,8,0.5,ROC-AUC,0.7030060699489353
BACE,Class,7,0.01,LGBM,8,0.5,ROC-AUC,0.7551630434782608
HIV,HIV_active,7,0.01,LGBM,8,0.5,ROC-AUC,0.7772774676992603
ESOL,measured log solubility in mols per litre,7,0.01,LGBM,8,0.5,RMSE,1.631176234889726
Lipo,exp,7,0.01,LGBM,8,0.5,RMSE,0.9051959012398757
BBBP,p_np,7,0.01,CatBoost,8,0.5,ROC-AUC,0.6916851334425282
BACE,Class,7,0.01,CatBoost,8,0.5,ROC-AUC,0.7971014492753624
HIV,HIV_active,7,0.01,CatBoost,8,0.5,ROC-AUC,0.728393750362116
ESOL,measured log solubility in mols per litre,7,0.01,CatBoost,8,0.5,RMSE,1.644684472167339
Lipo,exp,7,0.01,CatBoost,8,0.5,RMSE,0.9300597860118534
BBBP,p_np,7,0.01,XGB,8,1.0,ROC-AUC,0.7067154831872049
BACE,Class,7,0.01,XGB,8,1.0,ROC-AUC,0.8106884057971013
HIV,HIV_active,7,0.01,XGB,8,1.0,ROC-AUC,0.7661445759864037
ESOL,measured log solubility in mols per litre,7,0.01,XGB,8,1.0,RMSE,1.7274015415008601
Lipo,exp,7,0.01,XGB,8,1.0,RMSE,0.9013323365869647
BBBP,p_np,7,0.01,LGBM,8,1.0,ROC-AUC,0.7056556508334138
BACE,Class,7,0.01,LGBM,8,1.0,ROC-AUC,0.7731884057971015
HIV,HIV_active,7,0.01,LGBM,8,1.0,ROC-AUC,0.7758019660480118
ESOL,measured log solubility in mols per litre,7,0.01,LGBM,8,1.0,RMSE,1.6271022414002727
Lipo,exp,7,0.01,LGBM,8,1.0,RMSE,0.9028473836061998
BBBP,p_np,7,0.01,CatBoost,8,1.0,ROC-AUC,0.6840736101743906
BACE,Class,7,0.01,CatBoost,8,1.0,ROC-AUC,0.8307971014492753
HIV,HIV_active,7,0.01,CatBoost,8,1.0,ROC-AUC,0.7380598312057011
ESOL,measured log solubility in mols per litre,7,0.01,CatBoost,8,1.0,RMSE,1.6475855817840859
Lipo,exp,7,0.01,CatBoost,8,1.0,RMSE,0.9344160276627695
BBBP,p_np,7,0.01,XGB,8,1.5,ROC-AUC,0.6888910299643511
BACE,Class,7,0.01,XGB,8,1.5,ROC-AUC,0.8316123188405797
HIV,HIV_active,7,0.01,XGB,8,1.5,ROC-AUC,0.7678740415998764
ESOL,measured log solubility in mols per litre,7,0.01,XGB,8,1.5,RMSE,1.7209647598648616
Lipo,exp,7,0.01,XGB,8,1.5,RMSE,0.9040785604571759
BBBP,p_np,7,0.01,LGBM,8,1.5,ROC-AUC,0.7106657674149727
BACE,Class,7,0.01,LGBM,8,1.5,ROC-AUC,0.8052536231884058
HIV,HIV_active,7,0.01,LGBM,8,1.5,ROC-AUC,0.7724183549315359
ESOL,measured log solubility in mols per litre,7,0.01,LGBM,8,1.5,RMSE,1.6235807131609838
Lipo,exp,7,0.01,LGBM,8,1.5,RMSE,0.9052910502074163
BBBP,p_np,7,0.01,CatBoost,8,1.5,ROC-AUC,0.6943828885249061
BACE,Class,7,0.01,CatBoost,8,1.5,ROC-AUC,0.8376811594202899
HIV,HIV_active,7,0.01,CatBoost,8,1.5,ROC-AUC,0.7621893045443131
ESOL,measured log solubility in mols per litre,7,0.01,CatBoost,8,1.5,RMSE,1.6080167374010597
Lipo,exp,7,0.01,CatBoost,8,1.5,RMSE,0.9283584850908155
BBBP,p_np,7,0.01,XGB,12,0.5,ROC-AUC,0.6879757202042586
BACE,Class,7,0.01,XGB,12,0.5,ROC-AUC,0.8306159420289855
HIV,HIV_active,7,0.01,XGB,12,0.5,ROC-AUC,0.7910745669093648
ESOL,measured log solubility in mols per litre,7,0.01,XGB,12,0.5,RMSE,1.7109185491440395
Lipo,exp,7,0.01,XGB,12,0.5,RMSE,0.924493417097471
BBBP,p_np,7,0.01,LGBM,12,0.5,ROC-AUC,0.7095577608632816
BACE,Class,7,0.01,LGBM,12,0.5,ROC-AUC,0.7759963768115942
HIV,HIV_active,7,0.01,LGBM,12,0.5,ROC-AUC,0.7753094884026344
ESOL,measured log solubility in mols per litre,7,0.01,LGBM,12,0.5,RMSE,1.5451927538152441
Lipo,exp,7,0.01,LGBM,12,0.5,RMSE,0.8809297086644092
BBBP,p_np,7,0.01,CatBoost,12,0.5,ROC-AUC,0.6754986029482609
BACE,Class,7,0.01,CatBoost,12,0.5,ROC-AUC,0.8262681159420291
HIV,HIV_active,7,0.01,CatBoost,12,0.5,ROC-AUC,0.7447691148921377
ESOL,measured log solubility in mols per litre,7,0.01,CatBoost,12,0.5,RMSE,1.665429274189823
Lipo,exp,7,0.01,CatBoost,12,0.5,RMSE,0.9200625863973804
BBBP,p_np,7,0.01,XGB,12,1.0,ROC-AUC,0.7060410444166105
BACE,Class,7,0.01,XGB,12,1.0,ROC-AUC,0.8153079710144927
HIV,HIV_active,7,0.01,XGB,12,1.0,ROC-AUC,0.7086115992970123
ESOL,measured log solubility in mols per litre,7,0.01,XGB,12,1.0,RMSE,1.7298204861013513
Lipo,exp,7,0.01,XGB,12,1.0,RMSE,0.9224232891446908
BBBP,p_np,7,0.01,LGBM,12,1.0,ROC-AUC,0.7176028519125156
BACE,Class,7,0.01,LGBM,12,1.0,ROC-AUC,0.788768115942029
HIV,HIV_active,7,0.01,LGBM,12,1.0,ROC-AUC,0.7638183433438266
ESOL,measured log solubility in mols per litre,7,0.01,LGBM,12,1.0,RMSE,1.614589404594048
Lipo,exp,7,0.01,LGBM,12,1.0,RMSE,0.8783011449834802
BBBP,p_np,7,0.01,CatBoost,12,1.0,ROC-AUC,0.691588785046729
BACE,Class,7,0.01,CatBoost,12,1.0,ROC-AUC,0.8146739130434781
HIV,HIV_active,7,0.01,CatBoost,12,1.0,ROC-AUC,0.7670078603294772
ESOL,measured log solubility in mols per litre,7,0.01,CatBoost,12,1.0,RMSE,1.6365078481071622
Lipo,exp,7,0.01,CatBoost,12,1.0,RMSE,0.9210835408142457
BBBP,p_np,7,0.01,XGB,12,1.5,ROC-AUC,0.7067636573851046
BACE,Class,7,0.01,XGB,12,1.5,ROC-AUC,0.8221014492753623
HIV,HIV_active,7,0.01,XGB,12,1.5,ROC-AUC,0.7310145039494775
ESOL,measured log solubility in mols per litre,7,0.01,XGB,12,1.5,RMSE,1.7937848559443976
Lipo,exp,7,0.01,XGB,12,1.5,RMSE,0.8974985423109528
BBBP,p_np,7,0.01,LGBM,12,1.5,ROC-AUC,0.7055593024376146
BACE,Class,7,0.01,LGBM,12,1.5,ROC-AUC,0.8248188405797102
HIV,HIV_active,7,0.01,LGBM,12,1.5,ROC-AUC,0.7589814403522662
ESOL,measured log solubility in mols per litre,7,0.01,LGBM,12,1.5,RMSE,1.5361961478146056
Lipo,exp,7,0.01,LGBM,12,1.5,RMSE,0.882005337347778
BBBP,p_np,7,0.01,CatBoost,12,1.5,ROC-AUC,0.6882165911937566
BACE,Class,7,0.01,CatBoost,12,1.5,ROC-AUC,0.8293478260869566
HIV,HIV_active,7,0.01,CatBoost,12,1.5,ROC-AUC,0.7648139207014426
ESOL,measured log solubility in mols per litre,7,0.01,CatBoost,12,1.5,RMSE,1.6403695123915538
Lipo,exp,7,0.01,CatBoost,12,1.5,RMSE,0.9222618396133863
BBBP,p_np,77,0.001,XGB,6,0.5,ROC-AUC,0.6564216205800173
BACE,Class,77,0.001,XGB,6,0.5,ROC-AUC,0.8207427536231884
HIV,HIV_active,77,0.001,XGB,6,0.5,ROC-AUC,0.6775855076382318
ESOL,measured log solubility in mols per litre,77,0.001,XGB,6,0.5,RMSE,1.7214111617681074
Lipo,exp,77,0.001,XGB,6,0.5,RMSE,0.9608429121449247
BBBP,p_np,77,0.001,LGBM,6,0.5,ROC-AUC,0.7045476442817227
BACE,Class,77,0.001,LGBM,6,0.5,ROC-AUC,0.8018115942028985
HIV,HIV_active,77,0.001,LGBM,6,0.5,ROC-AUC,0.6746132602020125
ESOL,measured log solubility in mols per litre,77,0.001,LGBM,6,0.5,RMSE,1.668787989979422
Lipo,exp,77,0.001,LGBM,6,0.5,RMSE,0.9774946841850989
BBBP,p_np,77,0.001,CatBoost,6,0.5,ROC-AUC,0.6224106368628962
BACE,Class,77,0.001,CatBoost,6,0.5,ROC-AUC,0.8281702898550725
HIV,HIV_active,77,0.001,CatBoost,6,0.5,ROC-AUC,0.7407385233395778
ESOL,measured log solubility in mols per litre,77,0.001,CatBoost,6,0.5,RMSE,1.7425211436913517
Lipo,exp,77,0.001,CatBoost,6,0.5,RMSE,1.00536417445605
BBBP,p_np,77,0.001,XGB,6,1.0,ROC-AUC,0.6306484247037286
BACE,Class,77,0.001,XGB,6,1.0,ROC-AUC,0.78125
HIV,HIV_active,77,0.001,XGB,6,1.0,ROC-AUC,0.6751462948299504
ESOL,measured log solubility in mols per litre,77,0.001,XGB,6,1.0,RMSE,1.725483717362398
Lipo,exp,77,0.001,XGB,6,1.0,RMSE,0.9555808346926241
BBBP,p_np,77,0.001,LGBM,6,1.0,ROC-AUC,0.7112438577897678
BACE,Class,77,0.001,LGBM,6,1.0,ROC-AUC,0.7591485507246376
HIV,HIV_active,77,0.001,LGBM,6,1.0,ROC-AUC,0.6782083470132678
ESOL,measured log solubility in mols per litre,77,0.001,LGBM,6,1.0,RMSE,1.6712467646686209
Lipo,exp,77,0.001,LGBM,6,1.0,RMSE,0.9792775280237137
BBBP,p_np,77,0.001,CatBoost,6,1.0,ROC-AUC,0.609018209846806
BACE,Class,77,0.001,CatBoost,6,1.0,ROC-AUC,0.8259963768115942
HIV,HIV_active,77,0.001,CatBoost,6,1.0,ROC-AUC,0.736359334865486
ESOL,measured log solubility in mols per litre,77,0.001,CatBoost,6,1.0,RMSE,1.7530159464202513
Lipo,exp,77,0.001,CatBoost,6,1.0,RMSE,1.0052447221806817
BBBP,p_np,77,0.001,XGB,6,1.5,ROC-AUC,0.6228923788418922
BACE,Class,77,0.001,XGB,6,1.5,ROC-AUC,0.7798913043478262
HIV,HIV_active,77,0.001,XGB,6,1.5,ROC-AUC,0.6751569168968115
ESOL,measured log solubility in mols per litre,77,0.001,XGB,6,1.5,RMSE,1.7247796282291379
Lipo,exp,77,0.001,XGB,6,1.5,RMSE,0.9530676120751338
BBBP,p_np,77,0.001,LGBM,6,1.5,ROC-AUC,0.6537720396955392
BACE,Class,77,0.001,LGBM,6,1.5,ROC-AUC,0.8044384057971016
HIV,HIV_active,77,0.001,LGBM,6,1.5,ROC-AUC,0.7379671295312772
ESOL,measured log solubility in mols per litre,77,0.001,LGBM,6,1.5,RMSE,1.6771874375695837
Lipo,exp,77,0.001,LGBM,6,1.5,RMSE,0.9769810831121772
BBBP,p_np,77,0.001,CatBoost,6,1.5,ROC-AUC,0.6109451777627902
BACE,Class,77,0.001,CatBoost,6,1.5,ROC-AUC,0.8252717391304347
HIV,HIV_active,77,0.001,CatBoost,6,1.5,ROC-AUC,0.736255045481759
ESOL,measured log solubility in mols per litre,77,0.001,CatBoost,6,1.5,RMSE,1.757039813948205
Lipo,exp,77,0.001,CatBoost,6,1.5,RMSE,1.006005596734857
BBBP,p_np,77,0.001,XGB,8,0.5,ROC-AUC,0.6886983331727528
BACE,Class,77,0.001,XGB,8,0.5,ROC-AUC,0.8106884057971014
HIV,HIV_active,77,0.001,XGB,8,0.5,ROC-AUC,0.7539678247938353
ESOL,measured log solubility in mols per litre,77,0.001,XGB,8,0.5,RMSE,1.756701450216185
Lipo,exp,77,0.001,XGB,8,0.5,RMSE,0.9481665618149379
BBBP,p_np,77,0.001,LGBM,8,0.5,ROC-AUC,0.6833991714037961
BACE,Class,77,0.001,LGBM,8,0.5,ROC-AUC,0.756521739130435
HIV,HIV_active,77,0.001,LGBM,8,0.5,ROC-AUC,0.6917485853338226
ESOL,measured log solubility in mols per litre,77,0.001,LGBM,8,0.5,RMSE,1.6309643186533753
Lipo,exp,77,0.001,LGBM,8,0.5,RMSE,0.9592508269355606
BBBP,p_np,77,0.001,CatBoost,8,0.5,ROC-AUC,0.6507370652278639
BACE,Class,77,0.001,CatBoost,8,0.5,ROC-AUC,0.8414855072463768
HIV,HIV_active,77,0.001,CatBoost,8,0.5,ROC-AUC,0.7378937407056915
ESOL,measured log solubility in mols per litre,77,0.001,CatBoost,8,0.5,RMSE,1.7217713146079618
Lipo,exp,77,0.001,CatBoost,8,0.5,RMSE,0.9902310641496832
BBBP,p_np,77,0.001,XGB,8,1.0,ROC-AUC,0.6985258695442721
BACE,Class,77,0.001,XGB,8,1.0,ROC-AUC,0.8085144927536232
HIV,HIV_active,77,0.001,XGB,8,1.0,ROC-AUC,0.630246818208154
ESOL,measured log solubility in mols per litre,77,0.001,XGB,8,1.0,RMSE,1.7788729345202903
Lipo,exp,77,0.001,XGB,8,1.0,RMSE,0.9405634627982112
BBBP,p_np,77,0.001,LGBM,8,1.0,ROC-AUC,0.6846517005491859
BACE,Class,77,0.001,LGBM,8,1.0,ROC-AUC,0.7528985507246377
HIV,HIV_active,77,0.001,LGBM,8,1.0,ROC-AUC,0.7553216554974024
ESOL,measured log solubility in mols per litre,77,0.001,LGBM,8,1.0,RMSE,1.635552777827649
Lipo,exp,77,0.001,LGBM,8,1.0,RMSE,0.95925650026325
BBBP,p_np,77,0.001,CatBoost,8,1.0,ROC-AUC,0.6208690625301089
BACE,Class,77,0.001,CatBoost,8,1.0,ROC-AUC,0.831340579710145
HIV,HIV_active,77,0.001,CatBoost,8,1.0,ROC-AUC,0.7426485640896889
ESOL,measured log solubility in mols per litre,77,0.001,CatBoost,8,1.0,RMSE,1.7333550727798748
Lipo,exp,77,0.001,CatBoost,8,1.0,RMSE,0.990213060125497
BBBP,p_np,77,0.001,XGB,8,1.5,ROC-AUC,0.6947682821081029
BACE,Class,77,0.001,XGB,8,1.5,ROC-AUC,0.8177536231884057
HIV,HIV_active,77,0.001,XGB,8,1.5,ROC-AUC,0.661070124954132
ESOL,measured log solubility in mols per litre,77,0.001,XGB,8,1.5,RMSE,1.7467967704448228
Lipo,exp,77,0.001,XGB,8,1.5,RMSE,0.9347310473497388
BBBP,p_np,77,0.001,LGBM,8,1.5,ROC-AUC,0.6926967915984199
BACE,Class,77,0.001,LGBM,8,1.5,ROC-AUC,0.7603260869565218
HIV,HIV_active,77,0.001,LGBM,8,1.5,ROC-AUC,0.6807470209930666
ESOL,measured log solubility in mols per litre,77,0.001,LGBM,8,1.5,RMSE,1.6399589767047134
Lipo,exp,77,0.001,LGBM,8,1.5,RMSE,0.9590060824559079
BBBP,p_np,77,0.001,CatBoost,8,1.5,ROC-AUC,0.6574814529338087
BACE,Class,77,0.001,CatBoost,8,1.5,ROC-AUC,0.8298913043478261
HIV,HIV_active,77,0.001,CatBoost,8,1.5,ROC-AUC,0.7402885339616446
ESOL,measured log solubility in mols per litre,77,0.001,CatBoost,8,1.5,RMSE,1.7358192985890357
Lipo,exp,77,0.001,CatBoost,8,1.5,RMSE,0.9902930937408335
BBBP,p_np,77,0.001,XGB,12,0.5,ROC-AUC,0.656951536756913
BACE,Class,77,0.001,XGB,12,0.5,ROC-AUC,0.7177536231884057
HIV,HIV_active,77,0.001,XGB,12,0.5,ROC-AUC,0.6688609281755152
ESOL,measured log solubility in mols per litre,77,0.001,XGB,12,0.5,RMSE,1.724509542015214
Lipo,exp,77,0.001,XGB,12,0.5,RMSE,0.9474589404544419
BBBP,p_np,77,0.001,LGBM,12,0.5,ROC-AUC,0.7274785624819347
BACE,Class,77,0.001,LGBM,12,0.5,ROC-AUC,0.7693840579710145
HIV,HIV_active,77,0.001,LGBM,12,0.5,ROC-AUC,0.7584725467853762
ESOL,measured log solubility in mols per litre,77,0.001,LGBM,12,0.5,RMSE,1.6188766096868423
Lipo,exp,77,0.001,LGBM,12,0.5,RMSE,0.9392857462494533
BBBP,p_np,77,0.001,CatBoost,12,0.5,ROC-AUC,0.6683688216591194
BACE,Class,77,0.001,CatBoost,12,0.5,ROC-AUC,0.7743659420289856
HIV,HIV_active,77,0.001,CatBoost,12,0.5,ROC-AUC,0.7148013673496978
ESOL,measured log solubility in mols per litre,77,0.001,CatBoost,12,0.5,RMSE,1.7207360969185521
Lipo,exp,77,0.001,CatBoost,12,0.5,RMSE,0.9687078171234179
BBBP,p_np,77,0.001,XGB,12,1.0,ROC-AUC,0.6984295211484729
BACE,Class,77,0.001,XGB,12,1.0,ROC-AUC,0.7701086956521739
HIV,HIV_active,77,0.001,XGB,12,1.0,ROC-AUC,0.7195513625214854
ESOL,measured log solubility in mols per litre,77,0.001,XGB,12,1.0,RMSE,1.7452622097509165
Lipo,exp,77,0.001,XGB,12,1.0,RMSE,0.9353027424757911
BBBP,p_np,77,0.001,LGBM,12,1.0,ROC-AUC,0.7069563541767029
BACE,Class,77,0.001,LGBM,12,1.0,ROC-AUC,0.7890398550724639
HIV,HIV_active,77,0.001,LGBM,12,1.0,ROC-AUC,0.7443616137816489
ESOL,measured log solubility in mols per litre,77,0.001,LGBM,12,1.0,RMSE,1.612665204360819
Lipo,exp,77,0.001,LGBM,12,1.0,RMSE,0.9407610635436114
BBBP,p_np,77,0.001,CatBoost,12,1.0,ROC-AUC,0.6489546199055786
BACE,Class,77,0.001,CatBoost,12,1.0,ROC-AUC,0.8069746376811594
HIV,HIV_active,77,0.001,CatBoost,12,1.0,ROC-AUC,0.740016222793024
ESOL,measured log solubility in mols per litre,77,0.001,CatBoost,12,1.0,RMSE,1.72759090854986
Lipo,exp,77,0.001,CatBoost,12,1.0,RMSE,0.9701481537191592
BBBP,p_np,77,0.001,XGB,12,1.5,ROC-AUC,0.6539647364871375
BACE,Class,77,0.001,XGB,12,1.5,ROC-AUC,0.8201992753623188
HIV,HIV_active,77,0.001,XGB,12,1.5,ROC-AUC,0.6019747387937194
ESOL,measured log solubility in mols per litre,77,0.001,XGB,12,1.5,RMSE,1.8019100965820778
Lipo,exp,77,0.001,XGB,12,1.5,RMSE,0.9311778226628521
BBBP,p_np,77,0.001,LGBM,12,1.5,ROC-AUC,0.7077753155409963
BACE,Class,77,0.001,LGBM,12,1.5,ROC-AUC,0.7604166666666665
HIV,HIV_active,77,0.001,LGBM,12,1.5,ROC-AUC,0.7378773247841789
ESOL,measured log solubility in mols per litre,77,0.001,LGBM,12,1.5,RMSE,1.6210456453672701
Lipo,exp,77,0.001,LGBM,12,1.5,RMSE,0.9404637427864504
BBBP,p_np,77,0.001,CatBoost,12,1.5,ROC-AUC,0.6504480200404664
BACE,Class,77,0.001,CatBoost,12,1.5,ROC-AUC,0.829981884057971
HIV,HIV_active,77,0.001,CatBoost,12,1.5,ROC-AUC,0.7363255373800189
ESOL,measured log solubility in mols per litre,77,0.001,CatBoost,12,1.5,RMSE,1.7345443096531872
Lipo,exp,77,0.001,CatBoost,12,1.5,RMSE,0.9709652832829772
BBBP,p_np,77,0.005,XGB,6,0.5,ROC-AUC,0.6756912997398593
BACE,Class,77,0.005,XGB,6,0.5,ROC-AUC,0.8230978260869565
HIV,HIV_active,77,0.005,XGB,6,0.5,ROC-AUC,0.7263021688329246
ESOL,measured log solubility in mols per litre,77,0.005,XGB,6,0.5,RMSE,1.688067071777798
Lipo,exp,77,0.005,XGB,6,0.5,RMSE,0.9163048026080397
BBBP,p_np,77,0.005,LGBM,6,0.5,ROC-AUC,0.6867713652567684
BACE,Class,77,0.005,LGBM,6,0.5,ROC-AUC,0.8021739130434782
HIV,HIV_active,77,0.005,LGBM,6,0.5,ROC-AUC,0.7349185963421464
ESOL,measured log solubility in mols per litre,77,0.005,LGBM,6,0.5,RMSE,1.6507802228272737
Lipo,exp,77,0.005,LGBM,6,0.5,RMSE,0.9230274750625742
BBBP,p_np,77,0.005,CatBoost,6,0.5,ROC-AUC,0.6522786395606512
BACE,Class,77,0.005,CatBoost,6,0.5,ROC-AUC,0.8426630434782609
HIV,HIV_active,77,0.005,CatBoost,6,0.5,ROC-AUC,0.7313235095308909
ESOL,measured log solubility in mols per litre,77,0.005,CatBoost,6,0.5,RMSE,1.5978037089491965
Lipo,exp,77,0.005,CatBoost,6,0.5,RMSE,0.9424510348027357
BBBP,p_np,77,0.005,XGB,6,1.0,ROC-AUC,0.6611426919741786
BACE,Class,77,0.005,XGB,6,1.0,ROC-AUC,0.8241847826086957
HIV,HIV_active,77,0.005,XGB,6,1.0,ROC-AUC,0.7281475115394271
ESOL,measured log solubility in mols per litre,77,0.005,XGB,6,1.0,RMSE,1.6850579861410615
Lipo,exp,77,0.005,XGB,6,1.0,RMSE,0.9152400430070998
BBBP,p_np,77,0.005,LGBM,6,1.0,ROC-AUC,0.7026688505636381
BACE,Class,77,0.005,LGBM,6,1.0,ROC-AUC,0.8004528985507245
HIV,HIV_active,77,0.005,LGBM,6,1.0,ROC-AUC,0.745334981363101
ESOL,measured log solubility in mols per litre,77,0.005,LGBM,6,1.0,RMSE,1.6158757111175006
Lipo,exp,77,0.005,LGBM,6,1.0,RMSE,0.9273883628295883
BBBP,p_np,77,0.005,CatBoost,6,1.0,ROC-AUC,0.6500626264572694
BACE,Class,77,0.005,CatBoost,6,1.0,ROC-AUC,0.8402173913043479
HIV,HIV_active,77,0.005,CatBoost,6,1.0,ROC-AUC,0.7343170011008323
ESOL,measured log solubility in mols per litre,77,0.005,CatBoost,6,1.0,RMSE,1.610748476682685
Lipo,exp,77,0.005,CatBoost,6,1.0,RMSE,0.9441414817199715
BBBP,p_np,77,0.005,XGB,6,1.5,ROC-AUC,0.6667308989305328
BACE,Class,77,0.005,XGB,6,1.5,ROC-AUC,0.8249094202898551
HIV,HIV_active,77,0.005,XGB,6,1.5,ROC-AUC,0.72934297688252
ESOL,measured log solubility in mols per litre,77,0.005,XGB,6,1.5,RMSE,1.6923177223693153
Lipo,exp,77,0.005,XGB,6,1.5,RMSE,0.9091212983014701
BBBP,p_np,77,0.005,LGBM,6,1.5,ROC-AUC,0.6931303593795163
BACE,Class,77,0.005,LGBM,6,1.5,ROC-AUC,0.804981884057971
HIV,HIV_active,77,0.005,LGBM,6,1.5,ROC-AUC,0.7503399061395547
ESOL,measured log solubility in mols per litre,77,0.005,LGBM,6,1.5,RMSE,1.6535442365142692
Lipo,exp,77,0.005,LGBM,6,1.5,RMSE,0.9216373918002154
BBBP,p_np,77,0.005,CatBoost,6,1.5,ROC-AUC,0.6552654398304268
BACE,Class,77,0.005,CatBoost,6,1.5,ROC-AUC,0.8315217391304348
HIV,HIV_active,77,0.005,CatBoost,6,1.5,ROC-AUC,0.7305548581471253
ESOL,measured log solubility in mols per litre,77,0.005,CatBoost,6,1.5,RMSE,1.6083767789618293
Lipo,exp,77,0.005,CatBoost,6,1.5,RMSE,0.9431922602807209
BBBP,p_np,77,0.005,XGB,8,0.5,ROC-AUC,0.7044512958859235
BACE,Class,77,0.005,XGB,8,0.5,ROC-AUC,0.8112318840579711
HIV,HIV_active,77,0.005,XGB,8,0.5,ROC-AUC,0.7740078023909307
ESOL,measured log solubility in mols per litre,77,0.005,XGB,8,0.5,RMSE,1.7099545307179616
Lipo,exp,77,0.005,XGB,8,0.5,RMSE,0.9118826835342114
BBBP,p_np,77,0.005,LGBM,8,0.5,ROC-AUC,0.6860005780903747
BACE,Class,77,0.005,LGBM,8,0.5,ROC-AUC,0.7547101449275363
HIV,HIV_active,77,0.005,LGBM,8,0.5,ROC-AUC,0.7744896579694471
ESOL,measured log solubility in mols per litre,77,0.005,LGBM,8,0.5,RMSE,1.6275886606098209
Lipo,exp,77,0.005,LGBM,8,0.5,RMSE,0.9115785380556188
BBBP,p_np,77,0.005,CatBoost,8,0.5,ROC-AUC,0.663551401869159
BACE,Class,77,0.005,CatBoost,8,0.5,ROC-AUC,0.8481884057971015
HIV,HIV_active,77,0.005,CatBoost,8,0.5,ROC-AUC,0.743689526642075
ESOL,measured log solubility in mols per litre,77,0.005,CatBoost,8,0.5,RMSE,1.6358960377522878
Lipo,exp,77,0.005,CatBoost,8,0.5,RMSE,0.9320995561789892
BBBP,p_np,77,0.005,XGB,8,1.0,ROC-AUC,0.6984295211484729
BACE,Class,77,0.005,XGB,8,1.0,ROC-AUC,0.8134057971014493
HIV,HIV_active,77,0.005,XGB,8,1.0,ROC-AUC,0.76199617605593
ESOL,measured log solubility in mols per litre,77,0.005,XGB,8,1.0,RMSE,1.7269628372519932
Lipo,exp,77,0.005,XGB,8,1.0,RMSE,0.9063826289756699
BBBP,p_np,77,0.005,LGBM,8,1.0,ROC-AUC,0.7083534059157915
BACE,Class,77,0.005,LGBM,8,1.0,ROC-AUC,0.758695652173913
HIV,HIV_active,77,0.005,LGBM,8,1.0,ROC-AUC,0.7711437069082061
ESOL,measured log solubility in mols per litre,77,0.005,LGBM,8,1.0,RMSE,1.6217081057573721
Lipo,exp,77,0.005,LGBM,8,1.0,RMSE,0.9070555675816578
BBBP,p_np,77,0.005,CatBoost,8,1.0,ROC-AUC,0.6483283553328838
BACE,Class,77,0.005,CatBoost,8,1.0,ROC-AUC,0.8534420289855071
HIV,HIV_active,77,0.005,CatBoost,8,1.0,ROC-AUC,0.7514281851715946
ESOL,measured log solubility in mols per litre,77,0.005,CatBoost,8,1.0,RMSE,1.6423407766488463
Lipo,exp,77,0.005,CatBoost,8,1.0,RMSE,0.9347503646021599
BBBP,p_np,77,0.005,XGB,8,1.5,ROC-AUC,0.693419404566914
BACE,Class,77,0.005,XGB,8,1.5,ROC-AUC,0.8254528985507246
HIV,HIV_active,77,0.005,XGB,8,1.5,ROC-AUC,0.7595473068232295
ESOL,measured log solubility in mols per litre,77,0.005,XGB,8,1.5,RMSE,1.7116204177079235
Lipo,exp,77,0.005,XGB,8,1.5,RMSE,0.904531907307007
BBBP,p_np,77,0.005,LGBM,8,1.5,ROC-AUC,0.7113883803834666
BACE,Class,77,0.005,LGBM,8,1.5,ROC-AUC,0.7509963768115941
HIV,HIV_active,77,0.005,LGBM,8,1.5,ROC-AUC,0.7740464280886074
ESOL,measured log solubility in mols per litre,77,0.005,LGBM,8,1.5,RMSE,1.638996339394092
Lipo,exp,77,0.005,LGBM,8,1.5,RMSE,0.9065567124132333
BBBP,p_np,77,0.005,CatBoost,8,1.5,ROC-AUC,0.6589266788707967
BACE,Class,77,0.005,CatBoost,8,1.5,ROC-AUC,0.8275362318840579
HIV,HIV_active,77,0.005,CatBoost,8,1.5,ROC-AUC,0.7459162981131345
ESOL,measured log solubility in mols per litre,77,0.005,CatBoost,8,1.5,RMSE,1.6426171864896266
Lipo,exp,77,0.005,CatBoost,8,1.5,RMSE,0.9331794004124212
BBBP,p_np,77,0.005,XGB,12,0.5,ROC-AUC,0.6932267077753155
BACE,Class,77,0.005,XGB,12,0.5,ROC-AUC,0.8327898550724638
HIV,HIV_active,77,0.005,XGB,12,0.5,ROC-AUC,0.7550203750555243
ESOL,measured log solubility in mols per litre,77,0.005,XGB,12,0.5,RMSE,1.6973290047844003
Lipo,exp,77,0.005,XGB,12,0.5,RMSE,0.9319210093371553
BBBP,p_np,77,0.005,LGBM,12,0.5,ROC-AUC,0.7084979285094903
BACE,Class,77,0.005,LGBM,12,0.5,ROC-AUC,0.7714673913043479
HIV,HIV_active,77,0.005,LGBM,12,0.5,ROC-AUC,0.7806417659668978
ESOL,measured log solubility in mols per litre,77,0.005,LGBM,12,0.5,RMSE,1.5866460849338326
Lipo,exp,77,0.005,LGBM,12,0.5,RMSE,0.8895390634859249
BBBP,p_np,77,0.005,CatBoost,12,0.5,ROC-AUC,0.6781000096348396
BACE,Class,77,0.005,CatBoost,12,0.5,ROC-AUC,0.8528985507246378
HIV,HIV_active,77,0.005,CatBoost,12,0.5,ROC-AUC,0.7309420807663338
ESOL,measured log solubility in mols per litre,77,0.005,CatBoost,12,0.5,RMSE,1.6802462718744553
Lipo,exp,77,0.005,CatBoost,12,0.5,RMSE,0.9143936830912431
BBBP,p_np,77,0.005,XGB,12,1.0,ROC-AUC,0.705607476635514
BACE,Class,77,0.005,XGB,12,1.0,ROC-AUC,0.8155797101449275
HIV,HIV_active,77,0.005,XGB,12,1.0,ROC-AUC,0.7242955638386219
ESOL,measured log solubility in mols per litre,77,0.005,XGB,12,1.0,RMSE,1.7309846243000822
Lipo,exp,77,0.005,XGB,12,1.0,RMSE,0.9152677725654259
BBBP,p_np,77,0.005,LGBM,12,1.0,ROC-AUC,0.7172174583293188
BACE,Class,77,0.005,LGBM,12,1.0,ROC-AUC,0.7876811594202899
HIV,HIV_active,77,0.005,LGBM,12,1.0,ROC-AUC,0.7611753799803009
ESOL,measured log solubility in mols per litre,77,0.005,LGBM,12,1.0,RMSE,1.5546583013372677
Lipo,exp,77,0.005,LGBM,12,1.0,RMSE,0.8843175328483449
BBBP,p_np,77,0.005,CatBoost,12,1.0,ROC-AUC,0.6490509683013778
BACE,Class,77,0.005,CatBoost,12,1.0,ROC-AUC,0.8080615942028985
HIV,HIV_active,77,0.005,CatBoost,12,1.0,ROC-AUC,0.753243592962398
ESOL,measured log solubility in mols per litre,77,0.005,CatBoost,12,1.0,RMSE,1.6770829885767193
Lipo,exp,77,0.005,CatBoost,12,1.0,RMSE,0.912703636152896
BBBP,p_np,77,0.005,XGB,12,1.5,ROC-AUC,0.7059446960208112
BACE,Class,77,0.005,XGB,12,1.5,ROC-AUC,0.8207427536231883
HIV,HIV_active,77,0.005,XGB,12,1.5,ROC-AUC,0.7225400258792174
ESOL,measured log solubility in mols per litre,77,0.005,XGB,12,1.5,RMSE,1.788518718165112
Lipo,exp,77,0.005,XGB,12,1.5,RMSE,0.8993156231901834
BBBP,p_np,77,0.005,LGBM,12,1.5,ROC-AUC,0.7075344445514983
BACE,Class,77,0.005,LGBM,12,1.5,ROC-AUC,0.8269927536231884
HIV,HIV_active,77,0.005,LGBM,12,1.5,ROC-AUC,0.7657428687305665
ESOL,measured log solubility in mols per litre,77,0.005,LGBM,12,1.5,RMSE,1.6124127418894982
Lipo,exp,77,0.005,LGBM,12,1.5,RMSE,0.8897398246540373
BBBP,p_np,77,0.005,CatBoost,12,1.5,ROC-AUC,0.6394643029193564
BACE,Class,77,0.005,CatBoost,12,1.5,ROC-AUC,0.831340579710145
HIV,HIV_active,77,0.005,CatBoost,12,1.5,ROC-AUC,0.742196643426872
ESOL,measured log solubility in mols per litre,77,0.005,CatBoost,12,1.5,RMSE,1.6848703053181187
Lipo,exp,77,0.005,CatBoost,12,1.5,RMSE,0.914918183953459
BBBP,p_np,77,0.01,XGB,6,0.5,ROC-AUC,0.6767511320936506
BACE,Class,77,0.01,XGB,6,0.5,ROC-AUC,0.8239130434782609
HIV,HIV_active,77,0.01,XGB,6,0.5,ROC-AUC,0.7300044419552328
ESOL,measured log solubility in mols per litre,77,0.01,XGB,6,0.5,RMSE,1.6878740423730192
Lipo,exp,77,0.01,XGB,6,0.5,RMSE,0.9092087570637969
BBBP,p_np,77,0.01,LGBM,6,0.5,ROC-AUC,0.6900472107139416
BACE,Class,77,0.01,LGBM,6,0.5,ROC-AUC,0.7994565217391304
HIV,HIV_active,77,0.01,LGBM,6,0.5,ROC-AUC,0.7733627532397305
ESOL,measured log solubility in mols per litre,77,0.01,LGBM,6,0.5,RMSE,1.6060271173882321
Lipo,exp,77,0.01,LGBM,6,0.5,RMSE,0.9235121434931715
BBBP,p_np,77,0.01,CatBoost,6,0.5,ROC-AUC,0.6525676847480489
BACE,Class,77,0.01,CatBoost,6,0.5,ROC-AUC,0.8440217391304348
HIV,HIV_active,77,0.01,CatBoost,6,0.5,ROC-AUC,0.730974912609359
ESOL,measured log solubility in mols per litre,77,0.01,CatBoost,6,0.5,RMSE,1.6013303577906401
Lipo,exp,77,0.01,CatBoost,6,0.5,RMSE,0.9293047975029767
BBBP,p_np,77,0.01,XGB,6,1.0,ROC-AUC,0.6794488871760284
BACE,Class,77,0.01,XGB,6,1.0,ROC-AUC,0.8229166666666666
HIV,HIV_active,77,0.01,XGB,6,1.0,ROC-AUC,0.7414984839413662
ESOL,measured log solubility in mols per litre,77,0.01,XGB,6,1.0,RMSE,1.6903713139509415
Lipo,exp,77,0.01,XGB,6,1.0,RMSE,0.9047991338458127
BBBP,p_np,77,0.01,LGBM,6,1.0,ROC-AUC,0.6893727719433471
BACE,Class,77,0.01,LGBM,6,1.0,ROC-AUC,0.8021739130434783
HIV,HIV_active,77,0.01,LGBM,6,1.0,ROC-AUC,0.7752525154985612
ESOL,measured log solubility in mols per litre,77,0.01,LGBM,6,1.0,RMSE,1.6080376712138307
Lipo,exp,77,0.01,LGBM,6,1.0,RMSE,0.9300045369238651
BBBP,p_np,77,0.01,CatBoost,6,1.0,ROC-AUC,0.6503516716446671
BACE,Class,77,0.01,CatBoost,6,1.0,ROC-AUC,0.8307971014492754
HIV,HIV_active,77,0.01,CatBoost,6,1.0,ROC-AUC,0.7324059947082794
ESOL,measured log solubility in mols per litre,77,0.01,CatBoost,6,1.0,RMSE,1.6017207134970757
Lipo,exp,77,0.01,CatBoost,6,1.0,RMSE,0.9301029941728094
BBBP,p_np,77,0.01,XGB,6,1.5,ROC-AUC,0.6657192407746412
BACE,Class,77,0.01,XGB,6,1.5,ROC-AUC,0.8259057971014493
HIV,HIV_active,77,0.01,XGB,6,1.5,ROC-AUC,0.7364105139149076
ESOL,measured log solubility in mols per litre,77,0.01,XGB,6,1.5,RMSE,1.6885318655375843
Lipo,exp,77,0.01,XGB,6,1.5,RMSE,0.903042639658517
BBBP,p_np,77,0.01,LGBM,6,1.5,ROC-AUC,0.6967915984198864
BACE,Class,77,0.01,LGBM,6,1.5,ROC-AUC,0.8040760869565218
HIV,HIV_active,77,0.01,LGBM,6,1.5,ROC-AUC,0.7352372583479788
ESOL,measured log solubility in mols per litre,77,0.01,LGBM,6,1.5,RMSE,1.6151452873837757
Lipo,exp,77,0.01,LGBM,6,1.5,RMSE,0.9203260363559703
BBBP,p_np,77,0.01,CatBoost,6,1.5,ROC-AUC,0.6524713363522497
BACE,Class,77,0.01,CatBoost,6,1.5,ROC-AUC,0.8309782608695653
HIV,HIV_active,77,0.01,CatBoost,6,1.5,ROC-AUC,0.7315147067343905
ESOL,measured log solubility in mols per litre,77,0.01,CatBoost,6,1.5,RMSE,1.605398536044421
Lipo,exp,77,0.01,CatBoost,6,1.5,RMSE,0.9340334150558337
BBBP,p_np,77,0.01,XGB,8,0.5,ROC-AUC,0.7032951151363329
BACE,Class,77,0.01,XGB,8,0.5,ROC-AUC,0.8092391304347827
HIV,HIV_active,77,0.01,XGB,8,0.5,ROC-AUC,0.7763012031904826
ESOL,measured log solubility in mols per litre,77,0.01,XGB,8,0.5,RMSE,1.71142884870875
Lipo,exp,77,0.01,XGB,8,0.5,RMSE,0.9045324834473669
BBBP,p_np,77,0.01,LGBM,8,0.5,ROC-AUC,0.7030060699489353
BACE,Class,77,0.01,LGBM,8,0.5,ROC-AUC,0.7551630434782608
HIV,HIV_active,77,0.01,LGBM,8,0.5,ROC-AUC,0.7772774676992603
ESOL,measured log solubility in mols per litre,77,0.01,LGBM,8,0.5,RMSE,1.6311762349241292
Lipo,exp,77,0.01,LGBM,8,0.5,RMSE,0.9051959012624535
BBBP,p_np,77,0.01,CatBoost,8,0.5,ROC-AUC,0.6434145871471241
BACE,Class,77,0.01,CatBoost,8,0.5,ROC-AUC,0.8365942028985508
HIV,HIV_active,77,0.01,CatBoost,8,0.5,ROC-AUC,0.7439541126711602
ESOL,measured log solubility in mols per litre,77,0.01,CatBoost,8,0.5,RMSE,1.6212692329736813
Lipo,exp,77,0.01,CatBoost,8,0.5,RMSE,0.9214470707521571
BBBP,p_np,77,0.01,XGB,8,1.0,ROC-AUC,0.7067154831872049
BACE,Class,77,0.01,XGB,8,1.0,ROC-AUC,0.8106884057971013
HIV,HIV_active,77,0.01,XGB,8,1.0,ROC-AUC,0.7661445759864037
ESOL,measured log solubility in mols per litre,77,0.01,XGB,8,1.0,RMSE,1.7274015415008601
Lipo,exp,77,0.01,XGB,8,1.0,RMSE,0.9013323365869647
BBBP,p_np,77,0.01,LGBM,8,1.0,ROC-AUC,0.7056556508334138
BACE,Class,77,0.01,LGBM,8,1.0,ROC-AUC,0.7731884057971015
HIV,HIV_active,77,0.01,LGBM,8,1.0,ROC-AUC,0.7758019660480118
ESOL,measured log solubility in mols per litre,77,0.01,LGBM,8,1.0,RMSE,1.6271022414319223
Lipo,exp,77,0.01,LGBM,8,1.0,RMSE,0.9028473836068968
BBBP,p_np,77,0.01,CatBoost,8,1.0,ROC-AUC,0.6582522401002022
BACE,Class,77,0.01,CatBoost,8,1.0,ROC-AUC,0.8416666666666667
HIV,HIV_active,77,0.01,CatBoost,8,1.0,ROC-AUC,0.7336526391007938
ESOL,measured log solubility in mols per litre,77,0.01,CatBoost,8,1.0,RMSE,1.642128089971524
Lipo,exp,77,0.01,CatBoost,8,1.0,RMSE,0.9180993326083077
BBBP,p_np,77,0.01,XGB,8,1.5,ROC-AUC,0.6888910299643511
BACE,Class,77,0.01,XGB,8,1.5,ROC-AUC,0.8316123188405797
HIV,HIV_active,77,0.01,XGB,8,1.5,ROC-AUC,0.7678740415998764
ESOL,measured log solubility in mols per litre,77,0.01,XGB,8,1.5,RMSE,1.7209647598648616
Lipo,exp,77,0.01,XGB,8,1.5,RMSE,0.9040785604571759
BBBP,p_np,77,0.01,LGBM,8,1.5,ROC-AUC,0.7106657674149727
BACE,Class,77,0.01,LGBM,8,1.5,ROC-AUC,0.8052536231884058
HIV,HIV_active,77,0.01,LGBM,8,1.5,ROC-AUC,0.7724183549315359
ESOL,measured log solubility in mols per litre,77,0.01,LGBM,8,1.5,RMSE,1.6235807132090816
Lipo,exp,77,0.01,LGBM,8,1.5,RMSE,0.9052910502055856
BBBP,p_np,77,0.01,CatBoost,8,1.5,ROC-AUC,0.6540129106850371
BACE,Class,77,0.01,CatBoost,8,1.5,ROC-AUC,0.8344202898550726
HIV,HIV_active,77,0.01,CatBoost,8,1.5,ROC-AUC,0.7280441877981421
ESOL,measured log solubility in mols per litre,77,0.01,CatBoost,8,1.5,RMSE,1.6531638539211766
Lipo,exp,77,0.01,CatBoost,8,1.5,RMSE,0.918436237531854
BBBP,p_np,77,0.01,XGB,12,0.5,ROC-AUC,0.6879757202042586
BACE,Class,77,0.01,XGB,12,0.5,ROC-AUC,0.8306159420289855
HIV,HIV_active,77,0.01,XGB,12,0.5,ROC-AUC,0.7910745669093648
ESOL,measured log solubility in mols per litre,77,0.01,XGB,12,0.5,RMSE,1.7109185491440395
Lipo,exp,77,0.01,XGB,12,0.5,RMSE,0.924493417097471
BBBP,p_np,77,0.01,LGBM,12,0.5,ROC-AUC,0.7095577608632816
BACE,Class,77,0.01,LGBM,12,0.5,ROC-AUC,0.7759963768115942
HIV,HIV_active,77,0.01,LGBM,12,0.5,ROC-AUC,0.7753094884026344
ESOL,measured log solubility in mols per litre,77,0.01,LGBM,12,0.5,RMSE,1.5451927537637569
Lipo,exp,77,0.01,LGBM,12,0.5,RMSE,0.8809297086577806
BBBP,p_np,77,0.01,CatBoost,12,0.5,ROC-AUC,0.6666345505347335
BACE,Class,77,0.01,CatBoost,12,0.5,ROC-AUC,0.7889492753623188
HIV,HIV_active,77,0.01,CatBoost,12,0.5,ROC-AUC,0.727733250931845
ESOL,measured log solubility in mols per litre,77,0.01,CatBoost,12,0.5,RMSE,1.6837529521557537
Lipo,exp,77,0.01,CatBoost,12,0.5,RMSE,0.911042082527103
BBBP,p_np,77,0.01,XGB,12,1.0,ROC-AUC,0.7060410444166105
BACE,Class,77,0.01,XGB,12,1.0,ROC-AUC,0.8153079710144927
HIV,HIV_active,77,0.01,XGB,12,1.0,ROC-AUC,0.7086115992970123
ESOL,measured log solubility in mols per litre,77,0.01,XGB,12,1.0,RMSE,1.7298204861013513
Lipo,exp,77,0.01,XGB,12,1.0,RMSE,0.9224232891446908
BBBP,p_np,77,0.01,LGBM,12,1.0,ROC-AUC,0.7176028519125156
BACE,Class,77,0.01,LGBM,12,1.0,ROC-AUC,0.788768115942029
HIV,HIV_active,77,0.01,LGBM,12,1.0,ROC-AUC,0.7638183433438266
ESOL,measured log solubility in mols per litre,77,0.01,LGBM,12,1.0,RMSE,1.6145894048567786
Lipo,exp,77,0.01,LGBM,12,1.0,RMSE,0.8783011449563488
BBBP,p_np,77,0.01,CatBoost,12,1.0,ROC-AUC,0.6435591097408228
BACE,Class,77,0.01,CatBoost,12,1.0,ROC-AUC,0.800090579710145
HIV,HIV_active,77,0.01,CatBoost,12,1.0,ROC-AUC,0.76901446532378
ESOL,measured log solubility in mols per litre,77,0.01,CatBoost,12,1.0,RMSE,1.6866619752691754
Lipo,exp,77,0.01,CatBoost,12,1.0,RMSE,0.9013069503587114
BBBP,p_np,77,0.01,XGB,12,1.5,ROC-AUC,0.7067636573851046
BACE,Class,77,0.01,XGB,12,1.5,ROC-AUC,0.8221014492753623
HIV,HIV_active,77,0.01,XGB,12,1.5,ROC-AUC,0.7310145039494775
ESOL,measured log solubility in mols per litre,77,0.01,XGB,12,1.5,RMSE,1.7937848559443976
Lipo,exp,77,0.01,XGB,12,1.5,RMSE,0.8974985423109528
BBBP,p_np,77,0.01,LGBM,12,1.5,ROC-AUC,0.7055593024376146
BACE,Class,77,0.01,LGBM,12,1.5,ROC-AUC,0.8248188405797102
HIV,HIV_active,77,0.01,LGBM,12,1.5,ROC-AUC,0.7589814403522662
ESOL,measured log solubility in mols per litre,77,0.01,LGBM,12,1.5,RMSE,1.5361961476561523
Lipo,exp,77,0.01,LGBM,12,1.5,RMSE,0.8820053373636381
BBBP,p_np,77,0.01,CatBoost,12,1.5,ROC-AUC,0.640620483668947
BACE,Class,77,0.01,CatBoost,12,1.5,ROC-AUC,0.8322463768115942
HIV,HIV_active,77,0.01,CatBoost,12,1.5,ROC-AUC,0.7613820274628711
ESOL,measured log solubility in mols per litre,77,0.01,CatBoost,12,1.5,RMSE,1.6813466186613
Lipo,exp,77,0.01,CatBoost,12,1.5,RMSE,0.9042284107070504
BBBP,p_np,777,0.001,XGB,6,0.5,ROC-AUC,0.6564216205800173
BACE,Class,777,0.001,XGB,6,0.5,ROC-AUC,0.8207427536231884
HIV,HIV_active,777,0.001,XGB,6,0.5,ROC-AUC,0.6775855076382318
ESOL,measured log solubility in mols per litre,777,0.001,XGB,6,0.5,RMSE,1.7214111617681074
Lipo,exp,777,0.001,XGB,6,0.5,RMSE,0.9608429121449247
BBBP,p_np,777,0.001,LGBM,6,0.5,ROC-AUC,0.7045476442817227
BACE,Class,777,0.001,LGBM,6,0.5,ROC-AUC,0.8018115942028985
HIV,HIV_active,777,0.001,LGBM,6,0.5,ROC-AUC,0.6746132602020125
ESOL,measured log solubility in mols per litre,777,0.001,LGBM,6,0.5,RMSE,1.6687879899905436
Lipo,exp,777,0.001,LGBM,6,0.5,RMSE,0.977494684186346
BBBP,p_np,777,0.001,CatBoost,6,0.5,ROC-AUC,0.6464977358126988
BACE,Class,777,0.001,CatBoost,6,0.5,ROC-AUC,0.8380434782608696
HIV,HIV_active,777,0.001,CatBoost,6,0.5,ROC-AUC,0.7269955001062207
ESOL,measured log solubility in mols per litre,777,0.001,CatBoost,6,0.5,RMSE,1.7741480341615463
Lipo,exp,777,0.001,CatBoost,6,0.5,RMSE,1.0006713175177187
BBBP,p_np,777,0.001,XGB,6,1.0,ROC-AUC,0.6306484247037286
BACE,Class,777,0.001,XGB,6,1.0,ROC-AUC,0.78125
HIV,HIV_active,777,0.001,XGB,6,1.0,ROC-AUC,0.6751462948299504
ESOL,measured log solubility in mols per litre,777,0.001,XGB,6,1.0,RMSE,1.725483717362398
Lipo,exp,777,0.001,XGB,6,1.0,RMSE,0.9555808346926241
BBBP,p_np,777,0.001,LGBM,6,1.0,ROC-AUC,0.7112438577897678
BACE,Class,777,0.001,LGBM,6,1.0,ROC-AUC,0.7591485507246376
HIV,HIV_active,777,0.001,LGBM,6,1.0,ROC-AUC,0.6782083470132678
ESOL,measured log solubility in mols per litre,777,0.001,LGBM,6,1.0,RMSE,1.6712467646267797
Lipo,exp,777,0.001,LGBM,6,1.0,RMSE,0.9792775280194906
BBBP,p_np,777,0.001,CatBoost,6,1.0,ROC-AUC,0.6451488582715098
BACE,Class,777,0.001,CatBoost,6,1.0,ROC-AUC,0.8422101449275363
HIV,HIV_active,777,0.001,CatBoost,6,1.0,ROC-AUC,0.7297649626296374
ESOL,measured log solubility in mols per litre,777,0.001,CatBoost,6,1.0,RMSE,1.770912970069247
Lipo,exp,777,0.001,CatBoost,6,1.0,RMSE,1.0022314274077815
BBBP,p_np,777,0.001,XGB,6,1.5,ROC-AUC,0.6228923788418922
BACE,Class,777,0.001,XGB,6,1.5,ROC-AUC,0.7798913043478262
HIV,HIV_active,777,0.001,XGB,6,1.5,ROC-AUC,0.6751569168968115
ESOL,measured log solubility in mols per litre,777,0.001,XGB,6,1.5,RMSE,1.7247796282291379
Lipo,exp,777,0.001,XGB,6,1.5,RMSE,0.9530676120751338
BBBP,p_np,777,0.001,LGBM,6,1.5,ROC-AUC,0.6537720396955392
BACE,Class,777,0.001,LGBM,6,1.5,ROC-AUC,0.8044384057971016
HIV,HIV_active,777,0.001,LGBM,6,1.5,ROC-AUC,0.7379671295312772
ESOL,measured log solubility in mols per litre,777,0.001,LGBM,6,1.5,RMSE,1.6771874375575966
Lipo,exp,777,0.001,LGBM,6,1.5,RMSE,0.9769810831134706
BBBP,p_np,777,0.001,CatBoost,6,1.5,ROC-AUC,0.6507370652278639
BACE,Class,777,0.001,CatBoost,6,1.5,ROC-AUC,0.8210144927536231
HIV,HIV_active,777,0.001,CatBoost,6,1.5,ROC-AUC,0.7323509530890902
ESOL,measured log solubility in mols per litre,777,0.001,CatBoost,6,1.5,RMSE,1.7716314374453421
Lipo,exp,777,0.001,CatBoost,6,1.5,RMSE,1.0026823107665466
BBBP,p_np,777,0.001,XGB,8,0.5,ROC-AUC,0.6886983331727528
BACE,Class,777,0.001,XGB,8,0.5,ROC-AUC,0.8106884057971014
HIV,HIV_active,777,0.001,XGB,8,0.5,ROC-AUC,0.7539678247938353
ESOL,measured log solubility in mols per litre,777,0.001,XGB,8,0.5,RMSE,1.756701450216185
Lipo,exp,777,0.001,XGB,8,0.5,RMSE,0.9481665618149379
BBBP,p_np,777,0.001,LGBM,8,0.5,ROC-AUC,0.6833991714037961
BACE,Class,777,0.001,LGBM,8,0.5,ROC-AUC,0.756521739130435
HIV,HIV_active,777,0.001,LGBM,8,0.5,ROC-AUC,0.6917485853338226
ESOL,measured log solubility in mols per litre,777,0.001,LGBM,8,0.5,RMSE,1.6309643186562155
Lipo,exp,777,0.001,LGBM,8,0.5,RMSE,0.959250826929341
BBBP,p_np,777,0.001,CatBoost,8,0.5,ROC-AUC,0.6402832642836497
BACE,Class,777,0.001,CatBoost,8,0.5,ROC-AUC,0.8269927536231885
HIV,HIV_active,777,0.001,CatBoost,8,0.5,ROC-AUC,0.7353888642113597
ESOL,measured log solubility in mols per litre,777,0.001,CatBoost,8,0.5,RMSE,1.7443839040431628
Lipo,exp,777,0.001,CatBoost,8,0.5,RMSE,0.9850047381770078
BBBP,p_np,777,0.001,XGB,8,1.0,ROC-AUC,0.6985258695442721
BACE,Class,777,0.001,XGB,8,1.0,ROC-AUC,0.8085144927536232
HIV,HIV_active,777,0.001,XGB,8,1.0,ROC-AUC,0.630246818208154
ESOL,measured log solubility in mols per litre,777,0.001,XGB,8,1.0,RMSE,1.7788729345202903
Lipo,exp,777,0.001,XGB,8,1.0,RMSE,0.9405634627982112
BBBP,p_np,777,0.001,LGBM,8,1.0,ROC-AUC,0.6846517005491859
BACE,Class,777,0.001,LGBM,8,1.0,ROC-AUC,0.7528985507246377
HIV,HIV_active,777,0.001,LGBM,8,1.0,ROC-AUC,0.7553216554974024
ESOL,measured log solubility in mols per litre,777,0.001,LGBM,8,1.0,RMSE,1.635552777833613
Lipo,exp,777,0.001,LGBM,8,1.0,RMSE,0.9592565002674303
BBBP,p_np,777,0.001,CatBoost,8,1.0,ROC-AUC,0.6649002794103478
BACE,Class,777,0.001,CatBoost,8,1.0,ROC-AUC,0.8336956521739131
HIV,HIV_active,777,0.001,CatBoost,8,1.0,ROC-AUC,0.7388439328685373
ESOL,measured log solubility in mols per litre,777,0.001,CatBoost,8,1.0,RMSE,1.7469725358934127
Lipo,exp,777,0.001,CatBoost,8,1.0,RMSE,0.986253025223728
BBBP,p_np,777,0.001,XGB,8,1.5,ROC-AUC,0.6947682821081029
BACE,Class,777,0.001,XGB,8,1.5,ROC-AUC,0.8177536231884057
HIV,HIV_active,777,0.001,XGB,8,1.5,ROC-AUC,0.661070124954132
ESOL,measured log solubility in mols per litre,777,0.001,XGB,8,1.5,RMSE,1.7467967704448228
Lipo,exp,777,0.001,XGB,8,1.5,RMSE,0.9347310473497388
BBBP,p_np,777,0.001,LGBM,8,1.5,ROC-AUC,0.6926967915984199
BACE,Class,777,0.001,LGBM,8,1.5,ROC-AUC,0.7603260869565218
HIV,HIV_active,777,0.001,LGBM,8,1.5,ROC-AUC,0.6807470209930666
ESOL,measured log solubility in mols per litre,777,0.001,LGBM,8,1.5,RMSE,1.6399589766829867
Lipo,exp,777,0.001,LGBM,8,1.5,RMSE,0.9590060824589413
BBBP,p_np,777,0.001,CatBoost,8,1.5,ROC-AUC,0.6606609499951825
BACE,Class,777,0.001,CatBoost,8,1.5,ROC-AUC,0.8353260869565218
HIV,HIV_active,777,0.001,CatBoost,8,1.5,ROC-AUC,0.7286003978446861
ESOL,measured log solubility in mols per litre,777,0.001,CatBoost,8,1.5,RMSE,1.7456201741966437
Lipo,exp,777,0.001,CatBoost,8,1.5,RMSE,0.9874009209533597
BBBP,p_np,777,0.001,XGB,12,0.5,ROC-AUC,0.656951536756913
BACE,Class,777,0.001,XGB,12,0.5,ROC-AUC,0.7177536231884057
HIV,HIV_active,777,0.001,XGB,12,0.5,ROC-AUC,0.6688609281755152
ESOL,measured log solubility in mols per litre,777,0.001,XGB,12,0.5,RMSE,1.724509542015214
Lipo,exp,777,0.001,XGB,12,0.5,RMSE,0.9474589404544419
BBBP,p_np,777,0.001,LGBM,12,0.5,ROC-AUC,0.7274785624819347
BACE,Class,777,0.001,LGBM,12,0.5,ROC-AUC,0.7693840579710145
HIV,HIV_active,777,0.001,LGBM,12,0.5,ROC-AUC,0.7584725467853762
ESOL,measured log solubility in mols per litre,777,0.001,LGBM,12,0.5,RMSE,1.6188766097309135
Lipo,exp,777,0.001,LGBM,12,0.5,RMSE,0.9392857462495396
BBBP,p_np,777,0.001,CatBoost,12,0.5,ROC-AUC,0.6638404470565563
BACE,Class,777,0.001,CatBoost,12,0.5,ROC-AUC,0.8468297101449275
HIV,HIV_active,777,0.001,CatBoost,12,0.5,ROC-AUC,0.734007995519419
ESOL,measured log solubility in mols per litre,777,0.001,CatBoost,12,0.5,RMSE,1.7431848981834883
Lipo,exp,777,0.001,CatBoost,12,0.5,RMSE,0.9662315066322661
BBBP,p_np,777,0.001,XGB,12,1.0,ROC-AUC,0.6984295211484729
BACE,Class,777,0.001,XGB,12,1.0,ROC-AUC,0.7701086956521739
HIV,HIV_active,777,0.001,XGB,12,1.0,ROC-AUC,0.7195513625214854
ESOL,measured log solubility in mols per litre,777,0.001,XGB,12,1.0,RMSE,1.7452622097509165
Lipo,exp,777,0.001,XGB,12,1.0,RMSE,0.9353027424757911
BBBP,p_np,777,0.001,LGBM,12,1.0,ROC-AUC,0.7069563541767029
BACE,Class,777,0.001,LGBM,12,1.0,ROC-AUC,0.7890398550724639
HIV,HIV_active,777,0.001,LGBM,12,1.0,ROC-AUC,0.7443616137816489
ESOL,measured log solubility in mols per litre,777,0.001,LGBM,12,1.0,RMSE,1.6126603104847166
Lipo,exp,777,0.001,LGBM,12,1.0,RMSE,0.9407610635361529
BBBP,p_np,777,0.001,CatBoost,12,1.0,ROC-AUC,0.6703921379709027
BACE,Class,777,0.001,CatBoost,12,1.0,ROC-AUC,0.846195652173913
HIV,HIV_active,777,0.001,CatBoost,12,1.0,ROC-AUC,0.7457675891770794
ESOL,measured log solubility in mols per litre,777,0.001,CatBoost,12,1.0,RMSE,1.7350142891650806
Lipo,exp,777,0.001,CatBoost,12,1.0,RMSE,0.9682944401251259
BBBP,p_np,777,0.001,XGB,12,1.5,ROC-AUC,0.6539647364871375
BACE,Class,777,0.001,XGB,12,1.5,ROC-AUC,0.8201992753623188
HIV,HIV_active,777,0.001,XGB,12,1.5,ROC-AUC,0.6019747387937194
ESOL,measured log solubility in mols per litre,777,0.001,XGB,12,1.5,RMSE,1.8019100965820778
Lipo,exp,777,0.001,XGB,12,1.5,RMSE,0.9311778226628521
BBBP,p_np,777,0.001,LGBM,12,1.5,ROC-AUC,0.7077753155409963
BACE,Class,777,0.001,LGBM,12,1.5,ROC-AUC,0.7604166666666665
HIV,HIV_active,777,0.001,LGBM,12,1.5,ROC-AUC,0.7378773247841789
ESOL,measured log solubility in mols per litre,777,0.001,LGBM,12,1.5,RMSE,1.6210247890618976
Lipo,exp,777,0.001,LGBM,12,1.5,RMSE,0.9404637427809759
BBBP,p_np,777,0.001,CatBoost,12,1.5,ROC-AUC,0.6689469120339147
BACE,Class,777,0.001,CatBoost,12,1.5,ROC-AUC,0.8394927536231884
HIV,HIV_active,777,0.001,CatBoost,12,1.5,ROC-AUC,0.7498232874331293
ESOL,measured log solubility in mols per litre,777,0.001,CatBoost,12,1.5,RMSE,1.7405317111623042
Lipo,exp,777,0.001,CatBoost,12,1.5,RMSE,0.9694276173295893
BBBP,p_np,777,0.005,XGB,6,0.5,ROC-AUC,0.6756912997398593
BACE,Class,777,0.005,XGB,6,0.5,ROC-AUC,0.8230978260869565
HIV,HIV_active,777,0.005,XGB,6,0.5,ROC-AUC,0.7263021688329246
ESOL,measured log solubility in mols per litre,777,0.005,XGB,6,0.5,RMSE,1.688067071777798
Lipo,exp,777,0.005,XGB,6,0.5,RMSE,0.9163048026080397
BBBP,p_np,777,0.005,LGBM,6,0.5,ROC-AUC,0.6867713652567684
BACE,Class,777,0.005,LGBM,6,0.5,ROC-AUC,0.8021739130434782
HIV,HIV_active,777,0.005,LGBM,6,0.5,ROC-AUC,0.7349185963421464
ESOL,measured log solubility in mols per litre,777,0.005,LGBM,6,0.5,RMSE,1.6507802227636599
Lipo,exp,777,0.005,LGBM,6,0.5,RMSE,0.9230274750503994
BBBP,p_np,777,0.005,CatBoost,6,0.5,ROC-AUC,0.6754022545524617
BACE,Class,777,0.005,CatBoost,6,0.5,ROC-AUC,0.8597826086956522
HIV,HIV_active,777,0.005,CatBoost,6,0.5,ROC-AUC,0.7352517429846077
ESOL,measured log solubility in mols per litre,777,0.005,CatBoost,6,0.5,RMSE,1.694610337064894
Lipo,exp,777,0.005,CatBoost,6,0.5,RMSE,0.9258304080090823
BBBP,p_np,777,0.005,XGB,6,1.0,ROC-AUC,0.6611426919741786
BACE,Class,777,0.005,XGB,6,1.0,ROC-AUC,0.8241847826086957
HIV,HIV_active,777,0.005,XGB,6,1.0,ROC-AUC,0.7281475115394271
ESOL,measured log solubility in mols per litre,777,0.005,XGB,6,1.0,RMSE,1.6850579861410615
Lipo,exp,777,0.005,XGB,6,1.0,RMSE,0.9152400430070998
BBBP,p_np,777,0.005,LGBM,6,1.0,ROC-AUC,0.7026688505636381
BACE,Class,777,0.005,LGBM,6,1.0,ROC-AUC,0.8004528985507245
HIV,HIV_active,777,0.005,LGBM,6,1.0,ROC-AUC,0.745334981363101
ESOL,measured log solubility in mols per litre,777,0.005,LGBM,6,1.0,RMSE,1.6158757111313038
Lipo,exp,777,0.005,LGBM,6,1.0,RMSE,0.9273883628259275
BBBP,p_np,777,0.005,CatBoost,6,1.0,ROC-AUC,0.6736679834280759
BACE,Class,777,0.005,CatBoost,6,1.0,ROC-AUC,0.8442028985507245
HIV,HIV_active,777,0.005,CatBoost,6,1.0,ROC-AUC,0.7300952123447729
ESOL,measured log solubility in mols per litre,777,0.005,CatBoost,6,1.0,RMSE,1.6985000950969191
Lipo,exp,777,0.005,CatBoost,6,1.0,RMSE,0.9282459134654957
BBBP,p_np,777,0.005,XGB,6,1.5,ROC-AUC,0.6667308989305328
BACE,Class,777,0.005,XGB,6,1.5,ROC-AUC,0.8249094202898551
HIV,HIV_active,777,0.005,XGB,6,1.5,ROC-AUC,0.72934297688252
ESOL,measured log solubility in mols per litre,777,0.005,XGB,6,1.5,RMSE,1.6923177223693153
Lipo,exp,777,0.005,XGB,6,1.5,RMSE,0.9091212983014701
BBBP,p_np,777,0.005,LGBM,6,1.5,ROC-AUC,0.6931303593795163
BACE,Class,777,0.005,LGBM,6,1.5,ROC-AUC,0.804981884057971
HIV,HIV_active,777,0.005,LGBM,6,1.5,ROC-AUC,0.7503399061395547
ESOL,measured log solubility in mols per litre,777,0.005,LGBM,6,1.5,RMSE,1.6535442364968793
Lipo,exp,777,0.005,LGBM,6,1.5,RMSE,0.9216373918117443
BBBP,p_np,777,0.005,CatBoost,6,1.5,ROC-AUC,0.6752095577608632
BACE,Class,777,0.005,CatBoost,6,1.5,ROC-AUC,0.7766304347826086
HIV,HIV_active,777,0.005,CatBoost,6,1.5,ROC-AUC,0.7319608335425559
ESOL,measured log solubility in mols per litre,777,0.005,CatBoost,6,1.5,RMSE,1.7033106714742021
Lipo,exp,777,0.005,CatBoost,6,1.5,RMSE,0.9313901786952903
BBBP,p_np,777,0.005,XGB,8,0.5,ROC-AUC,0.7044512958859235
BACE,Class,777,0.005,XGB,8,0.5,ROC-AUC,0.8112318840579711
HIV,HIV_active,777,0.005,XGB,8,0.5,ROC-AUC,0.7740078023909307
ESOL,measured log solubility in mols per litre,777,0.005,XGB,8,0.5,RMSE,1.7099545307179616
Lipo,exp,777,0.005,XGB,8,0.5,RMSE,0.9118826835342114
BBBP,p_np,777,0.005,LGBM,8,0.5,ROC-AUC,0.6860005780903747
BACE,Class,777,0.005,LGBM,8,0.5,ROC-AUC,0.7547101449275363
HIV,HIV_active,777,0.005,LGBM,8,0.5,ROC-AUC,0.7744896579694471
ESOL,measured log solubility in mols per litre,777,0.005,LGBM,8,0.5,RMSE,1.6275886607117191
Lipo,exp,777,0.005,LGBM,8,0.5,RMSE,0.9115785380448683
BBBP,p_np,777,0.005,CatBoost,8,0.5,ROC-AUC,0.6792561903844301
BACE,Class,777,0.005,CatBoost,8,0.5,ROC-AUC,0.848731884057971
HIV,HIV_active,777,0.005,CatBoost,8,0.5,ROC-AUC,0.7417196160605651
ESOL,measured log solubility in mols per litre,777,0.005,CatBoost,8,0.5,RMSE,1.7121279491280383
Lipo,exp,777,0.005,CatBoost,8,0.5,RMSE,0.9196422545386972
BBBP,p_np,777,0.005,XGB,8,1.0,ROC-AUC,0.6984295211484729
BACE,Class,777,0.005,XGB,8,1.0,ROC-AUC,0.8134057971014493
HIV,HIV_active,777,0.005,XGB,8,1.0,ROC-AUC,0.76199617605593
ESOL,measured log solubility in mols per litre,777,0.005,XGB,8,1.0,RMSE,1.7269628372519932
Lipo,exp,777,0.005,XGB,8,1.0,RMSE,0.9063826289756699
BBBP,p_np,777,0.005,LGBM,8,1.0,ROC-AUC,0.7083534059157915
BACE,Class,777,0.005,LGBM,8,1.0,ROC-AUC,0.758695652173913
HIV,HIV_active,777,0.005,LGBM,8,1.0,ROC-AUC,0.7711437069082061
ESOL,measured log solubility in mols per litre,777,0.005,LGBM,8,1.0,RMSE,1.621708105662218
Lipo,exp,777,0.005,LGBM,8,1.0,RMSE,0.9070555675847665
BBBP,p_np,777,0.005,CatBoost,8,1.0,ROC-AUC,0.6779073128432411
BACE,Class,777,0.005,CatBoost,8,1.0,ROC-AUC,0.8345108695652174
HIV,HIV_active,777,0.005,CatBoost,8,1.0,ROC-AUC,0.7469147723980766
ESOL,measured log solubility in mols per litre,777,0.005,CatBoost,8,1.0,RMSE,1.701022013979999
Lipo,exp,777,0.005,CatBoost,8,1.0,RMSE,0.9191232741623644
BBBP,p_np,777,0.005,XGB,8,1.5,ROC-AUC,0.693419404566914
BACE,Class,777,0.005,XGB,8,1.5,ROC-AUC,0.8254528985507246
HIV,HIV_active,777,0.005,XGB,8,1.5,ROC-AUC,0.7595473068232295
ESOL,measured log solubility in mols per litre,777,0.005,XGB,8,1.5,RMSE,1.7116204177079235
Lipo,exp,777,0.005,XGB,8,1.5,RMSE,0.904531907307007
BBBP,p_np,777,0.005,LGBM,8,1.5,ROC-AUC,0.7113883803834666
BACE,Class,777,0.005,LGBM,8,1.5,ROC-AUC,0.7509963768115941
HIV,HIV_active,777,0.005,LGBM,8,1.5,ROC-AUC,0.7740464280886074
ESOL,measured log solubility in mols per litre,777,0.005,LGBM,8,1.5,RMSE,1.6389963391692761
Lipo,exp,777,0.005,LGBM,8,1.5,RMSE,0.9065574981643579
BBBP,p_np,777,0.005,CatBoost,8,1.5,ROC-AUC,0.670970228345698
BACE,Class,777,0.005,CatBoost,8,1.5,ROC-AUC,0.8454710144927536
HIV,HIV_active,777,0.005,CatBoost,8,1.5,ROC-AUC,0.7483574422063
ESOL,measured log solubility in mols per litre,777,0.005,CatBoost,8,1.5,RMSE,1.6906401798465143
Lipo,exp,777,0.005,CatBoost,8,1.5,RMSE,0.920489000099721
BBBP,p_np,777,0.005,XGB,12,0.5,ROC-AUC,0.6932267077753155
BACE,Class,777,0.005,XGB,12,0.5,ROC-AUC,0.8327898550724638
HIV,HIV_active,777,0.005,XGB,12,0.5,ROC-AUC,0.7550203750555243
ESOL,measured log solubility in mols per litre,777,0.005,XGB,12,0.5,RMSE,1.6973290047844003
Lipo,exp,777,0.005,XGB,12,0.5,RMSE,0.9319210093371553
BBBP,p_np,777,0.005,LGBM,12,0.5,ROC-AUC,0.7084979285094903
BACE,Class,777,0.005,LGBM,12,0.5,ROC-AUC,0.7714673913043479
HIV,HIV_active,777,0.005,LGBM,12,0.5,ROC-AUC,0.7806417659668978
ESOL,measured log solubility in mols per litre,777,0.005,LGBM,12,0.5,RMSE,1.5866460850804938
Lipo,exp,777,0.005,LGBM,12,0.5,RMSE,0.8895390635119739
BBBP,p_np,777,0.005,CatBoost,12,0.5,ROC-AUC,0.6987185663358705
BACE,Class,777,0.005,CatBoost,12,0.5,ROC-AUC,0.8350543478260869
HIV,HIV_active,777,0.005,CatBoost,12,0.5,ROC-AUC,0.742322176944321
ESOL,measured log solubility in mols per litre,777,0.005,CatBoost,12,0.5,RMSE,1.7115594309438749
Lipo,exp,777,0.005,CatBoost,12,0.5,RMSE,0.9115100076485253
BBBP,p_np,777,0.005,XGB,12,1.0,ROC-AUC,0.705607476635514
BACE,Class,777,0.005,XGB,12,1.0,ROC-AUC,0.8155797101449275
HIV,HIV_active,777,0.005,XGB,12,1.0,ROC-AUC,0.7242955638386219
ESOL,measured log solubility in mols per litre,777,0.005,XGB,12,1.0,RMSE,1.7309846243000822
Lipo,exp,777,0.005,XGB,12,1.0,RMSE,0.9152677725654259
BBBP,p_np,777,0.005,LGBM,12,1.0,ROC-AUC,0.7172174583293188
BACE,Class,777,0.005,LGBM,12,1.0,ROC-AUC,0.7876811594202899
HIV,HIV_active,777,0.005,LGBM,12,1.0,ROC-AUC,0.7611753799803009
ESOL,measured log solubility in mols per litre,777,0.005,LGBM,12,1.0,RMSE,1.5545592481208927
Lipo,exp,777,0.005,LGBM,12,1.0,RMSE,0.8843177059352593
BBBP,p_np,777,0.005,CatBoost,12,1.0,ROC-AUC,0.6727044994700838
BACE,Class,777,0.005,CatBoost,12,1.0,ROC-AUC,0.8384963768115943
HIV,HIV_active,777,0.005,CatBoost,12,1.0,ROC-AUC,0.738154464165009
ESOL,measured log solubility in mols per litre,777,0.005,CatBoost,12,1.0,RMSE,1.7002548538296898
Lipo,exp,777,0.005,CatBoost,12,1.0,RMSE,0.9119122988454045
BBBP,p_np,777,0.005,XGB,12,1.5,ROC-AUC,0.7059446960208112
BACE,Class,777,0.005,XGB,12,1.5,ROC-AUC,0.8207427536231883
HIV,HIV_active,777,0.005,XGB,12,1.5,ROC-AUC,0.7225400258792174
ESOL,measured log solubility in mols per litre,777,0.005,XGB,12,1.5,RMSE,1.788518718165112
Lipo,exp,777,0.005,XGB,12,1.5,RMSE,0.8993156231901834
BBBP,p_np,777,0.005,LGBM,12,1.5,ROC-AUC,0.7075344445514983
BACE,Class,777,0.005,LGBM,12,1.5,ROC-AUC,0.8269927536231884
HIV,HIV_active,777,0.005,LGBM,12,1.5,ROC-AUC,0.7657428687305665
ESOL,measured log solubility in mols per litre,777,0.005,LGBM,12,1.5,RMSE,1.6124127417282204
Lipo,exp,777,0.005,LGBM,12,1.5,RMSE,0.8897398246503667
BBBP,p_np,777,0.005,CatBoost,12,1.5,ROC-AUC,0.6896618171307447
BACE,Class,777,0.005,CatBoost,12,1.5,ROC-AUC,0.8414855072463767
HIV,HIV_active,777,0.005,CatBoost,12,1.5,ROC-AUC,0.7493211533633326
ESOL,measured log solubility in mols per litre,777,0.005,CatBoost,12,1.5,RMSE,1.6894407033634324
Lipo,exp,777,0.005,CatBoost,12,1.5,RMSE,0.909173397182981
BBBP,p_np,777,0.01,XGB,6,0.5,ROC-AUC,0.6767511320936506
BACE,Class,777,0.01,XGB,6,0.5,ROC-AUC,0.8239130434782609
HIV,HIV_active,777,0.01,XGB,6,0.5,ROC-AUC,0.7300044419552328
ESOL,measured log solubility in mols per litre,777,0.01,XGB,6,0.5,RMSE,1.6878740423730192
Lipo,exp,777,0.01,XGB,6,0.5,RMSE,0.9092087570637969
BBBP,p_np,777,0.01,LGBM,6,0.5,ROC-AUC,0.6900472107139416
BACE,Class,777,0.01,LGBM,6,0.5,ROC-AUC,0.7994565217391304
HIV,HIV_active,777,0.01,LGBM,6,0.5,ROC-AUC,0.7733627532397305
ESOL,measured log solubility in mols per litre,777,0.01,LGBM,6,0.5,RMSE,1.6060271174059444
Lipo,exp,777,0.01,LGBM,6,0.5,RMSE,0.9235121434834026
BBBP,p_np,777,0.01,CatBoost,6,0.5,ROC-AUC,0.6643221890355526
BACE,Class,777,0.01,CatBoost,6,0.5,ROC-AUC,0.843659420289855
HIV,HIV_active,777,0.01,CatBoost,6,0.5,ROC-AUC,0.7312945402576334
ESOL,measured log solubility in mols per litre,777,0.01,CatBoost,6,0.5,RMSE,1.7104881801627583
Lipo,exp,777,0.01,CatBoost,6,0.5,RMSE,0.9137620796594979
BBBP,p_np,777,0.01,XGB,6,1.0,ROC-AUC,0.6794488871760284
BACE,Class,777,0.01,XGB,6,1.0,ROC-AUC,0.8229166666666666
HIV,HIV_active,777,0.01,XGB,6,1.0,ROC-AUC,0.7414984839413662
ESOL,measured log solubility in mols per litre,777,0.01,XGB,6,1.0,RMSE,1.6903713139509415
Lipo,exp,777,0.01,XGB,6,1.0,RMSE,0.9047991338458127
BBBP,p_np,777,0.01,LGBM,6,1.0,ROC-AUC,0.6893727719433471
BACE,Class,777,0.01,LGBM,6,1.0,ROC-AUC,0.8021739130434783
HIV,HIV_active,777,0.01,LGBM,6,1.0,ROC-AUC,0.7752525154985612
ESOL,measured log solubility in mols per litre,777,0.01,LGBM,6,1.0,RMSE,1.6080376712911826
Lipo,exp,777,0.01,LGBM,6,1.0,RMSE,0.9300045369486699
BBBP,p_np,777,0.01,CatBoost,6,1.0,ROC-AUC,0.6472685229790923
BACE,Class,777,0.01,CatBoost,6,1.0,ROC-AUC,0.8344202898550724
HIV,HIV_active,777,0.01,CatBoost,6,1.0,ROC-AUC,0.7396685915139343
ESOL,measured log solubility in mols per litre,777,0.01,CatBoost,6,1.0,RMSE,1.7126266187968318
Lipo,exp,777,0.01,CatBoost,6,1.0,RMSE,0.916021030909403
BBBP,p_np,777,0.01,XGB,6,1.5,ROC-AUC,0.6657192407746412
BACE,Class,777,0.01,XGB,6,1.5,ROC-AUC,0.8259057971014493
HIV,HIV_active,777,0.01,XGB,6,1.5,ROC-AUC,0.7364105139149076
ESOL,measured log solubility in mols per litre,777,0.01,XGB,6,1.5,RMSE,1.6885318655375843
Lipo,exp,777,0.01,XGB,6,1.5,RMSE,0.903042639658517
BBBP,p_np,777,0.01,LGBM,6,1.5,ROC-AUC,0.6967915984198864
BACE,Class,777,0.01,LGBM,6,1.5,ROC-AUC,0.8040760869565218
HIV,HIV_active,777,0.01,LGBM,6,1.5,ROC-AUC,0.7352372583479788
ESOL,measured log solubility in mols per litre,777,0.01,LGBM,6,1.5,RMSE,1.6151452875404175
Lipo,exp,777,0.01,LGBM,6,1.5,RMSE,0.9203260363663865
BBBP,p_np,777,0.01,CatBoost,6,1.5,ROC-AUC,0.6437036323345217
BACE,Class,777,0.01,CatBoost,6,1.5,ROC-AUC,0.8322463768115942
HIV,HIV_active,777,0.01,CatBoost,6,1.5,ROC-AUC,0.7369589988219163
ESOL,measured log solubility in mols per litre,777,0.01,CatBoost,6,1.5,RMSE,1.6988079558211362
Lipo,exp,777,0.01,CatBoost,6,1.5,RMSE,0.9171320588356124
BBBP,p_np,777,0.01,XGB,8,0.5,ROC-AUC,0.7032951151363329
BACE,Class,777,0.01,XGB,8,0.5,ROC-AUC,0.8092391304347827
HIV,HIV_active,777,0.01,XGB,8,0.5,ROC-AUC,0.7763012031904826
ESOL,measured log solubility in mols per litre,777,0.01,XGB,8,0.5,RMSE,1.71142884870875
Lipo,exp,777,0.01,XGB,8,0.5,RMSE,0.9045324834473669
BBBP,p_np,777,0.01,LGBM,8,0.5,ROC-AUC,0.7030060699489353
BACE,Class,777,0.01,LGBM,8,0.5,ROC-AUC,0.7551630434782608
HIV,HIV_active,777,0.01,LGBM,8,0.5,ROC-AUC,0.7772774676992603
ESOL,measured log solubility in mols per litre,777,0.01,LGBM,8,0.5,RMSE,1.6311762350860561
Lipo,exp,777,0.01,LGBM,8,0.5,RMSE,0.9051959012497297
BBBP,p_np,777,0.01,CatBoost,8,0.5,ROC-AUC,0.6753059061566623
BACE,Class,777,0.01,CatBoost,8,0.5,ROC-AUC,0.839945652173913
HIV,HIV_active,777,0.01,CatBoost,8,0.5,ROC-AUC,0.732735278780973
ESOL,measured log solubility in mols per litre,777,0.01,CatBoost,8,0.5,RMSE,1.7094541399439236
Lipo,exp,777,0.01,CatBoost,8,0.5,RMSE,0.9185904932174558
BBBP,p_np,777,0.01,XGB,8,1.0,ROC-AUC,0.7067154831872049
BACE,Class,777,0.01,XGB,8,1.0,ROC-AUC,0.8106884057971013
HIV,HIV_active,777,0.01,XGB,8,1.0,ROC-AUC,0.7661445759864037
ESOL,measured log solubility in mols per litre,777,0.01,XGB,8,1.0,RMSE,1.7274015415008601
Lipo,exp,777,0.01,XGB,8,1.0,RMSE,0.9013323365869647
BBBP,p_np,777,0.01,LGBM,8,1.0,ROC-AUC,0.7056556508334138
BACE,Class,777,0.01,LGBM,8,1.0,ROC-AUC,0.7731884057971015
HIV,HIV_active,777,0.01,LGBM,8,1.0,ROC-AUC,0.7758019660480118
ESOL,measured log solubility in mols per litre,777,0.01,LGBM,8,1.0,RMSE,1.6271022413270249
Lipo,exp,777,0.01,LGBM,8,1.0,RMSE,0.9028473836252161
BBBP,p_np,777,0.01,CatBoost,8,1.0,ROC-AUC,0.674149725407072
BACE,Class,777,0.01,CatBoost,8,1.0,ROC-AUC,0.8355978260869565
HIV,HIV_active,777,0.01,CatBoost,8,1.0,ROC-AUC,0.7466907433515517
ESOL,measured log solubility in mols per litre,777,0.01,CatBoost,8,1.0,RMSE,1.705338318889401
Lipo,exp,777,0.01,CatBoost,8,1.0,RMSE,0.917001764690263
BBBP,p_np,777,0.01,XGB,8,1.5,ROC-AUC,0.6888910299643511
BACE,Class,777,0.01,XGB,8,1.5,ROC-AUC,0.8316123188405797
HIV,HIV_active,777,0.01,XGB,8,1.5,ROC-AUC,0.7678740415998764
ESOL,measured log solubility in mols per litre,777,0.01,XGB,8,1.5,RMSE,1.7209647598648616
Lipo,exp,777,0.01,XGB,8,1.5,RMSE,0.9040785604571759
BBBP,p_np,777,0.01,LGBM,8,1.5,ROC-AUC,0.7106657674149727
BACE,Class,777,0.01,LGBM,8,1.5,ROC-AUC,0.8052536231884058
HIV,HIV_active,777,0.01,LGBM,8,1.5,ROC-AUC,0.7724183549315359
ESOL,measured log solubility in mols per litre,777,0.01,LGBM,8,1.5,RMSE,1.623580713207396
Lipo,exp,777,0.01,LGBM,8,1.5,RMSE,0.9052910501891824
BBBP,p_np,777,0.01,CatBoost,8,1.5,ROC-AUC,0.682435687445804
BACE,Class,777,0.01,CatBoost,8,1.5,ROC-AUC,0.8373188405797102
HIV,HIV_active,777,0.01,CatBoost,8,1.5,ROC-AUC,0.7493037717993782
ESOL,measured log solubility in mols per litre,777,0.01,CatBoost,8,1.5,RMSE,1.6966918891779188
Lipo,exp,777,0.01,CatBoost,8,1.5,RMSE,0.9169867635825181
BBBP,p_np,777,0.01,XGB,12,0.5,ROC-AUC,0.6879757202042586
BACE,Class,777,0.01,XGB,12,0.5,ROC-AUC,0.8306159420289855
HIV,HIV_active,777,0.01,XGB,12,0.5,ROC-AUC,0.7910745669093648
ESOL,measured log solubility in mols per litre,777,0.01,XGB,12,0.5,RMSE,1.7109185491440395
Lipo,exp,777,0.01,XGB,12,0.5,RMSE,0.924493417097471
BBBP,p_np,777,0.01,LGBM,12,0.5,ROC-AUC,0.7095577608632816
BACE,Class,777,0.01,LGBM,12,0.5,ROC-AUC,0.7759963768115942
HIV,HIV_active,777,0.01,LGBM,12,0.5,ROC-AUC,0.7753094884026344
ESOL,measured log solubility in mols per litre,777,0.01,LGBM,12,0.5,RMSE,1.5451927534914622
Lipo,exp,777,0.01,LGBM,12,0.5,RMSE,0.8809297086421967
BBBP,p_np,777,0.01,CatBoost,12,0.5,ROC-AUC,0.6556508334136236
BACE,Class,777,0.01,CatBoost,12,0.5,ROC-AUC,0.8675724637681159
HIV,HIV_active,777,0.01,CatBoost,12,0.5,ROC-AUC,0.7316074084088144
ESOL,measured log solubility in mols per litre,777,0.01,CatBoost,12,0.5,RMSE,1.7194986311844465
Lipo,exp,777,0.01,CatBoost,12,0.5,RMSE,0.9044443284348835
BBBP,p_np,777,0.01,XGB,12,1.0,ROC-AUC,0.7060410444166105
BACE,Class,777,0.01,XGB,12,1.0,ROC-AUC,0.8153079710144927
HIV,HIV_active,777,0.01,XGB,12,1.0,ROC-AUC,0.7086115992970123
ESOL,measured log solubility in mols per litre,777,0.01,XGB,12,1.0,RMSE,1.7298204861013513
Lipo,exp,777,0.01,XGB,12,1.0,RMSE,0.9224232891446908
BBBP,p_np,777,0.01,LGBM,12,1.0,ROC-AUC,0.7176028519125156
BACE,Class,777,0.01,LGBM,12,1.0,ROC-AUC,0.788768115942029
HIV,HIV_active,777,0.01,LGBM,12,1.0,ROC-AUC,0.7638183433438266
ESOL,measured log solubility in mols per litre,777,0.01,LGBM,12,1.0,RMSE,1.6145894047759328
Lipo,exp,777,0.01,LGBM,12,1.0,RMSE,0.8783011449732052
BBBP,p_np,777,0.01,CatBoost,12,1.0,ROC-AUC,0.6689469120339147
BACE,Class,777,0.01,CatBoost,12,1.0,ROC-AUC,0.8469202898550724
HIV,HIV_active,777,0.01,CatBoost,12,1.0,ROC-AUC,0.7609223816605188
ESOL,measured log solubility in mols per litre,777,0.01,CatBoost,12,1.0,RMSE,1.7018202134803644
Lipo,exp,777,0.01,CatBoost,12,1.0,RMSE,0.9071599086476066
BBBP,p_np,777,0.01,XGB,12,1.5,ROC-AUC,0.7067636573851046
BACE,Class,777,0.01,XGB,12,1.5,ROC-AUC,0.8221014492753623
HIV,HIV_active,777,0.01,XGB,12,1.5,ROC-AUC,0.7310145039494775
ESOL,measured log solubility in mols per litre,777,0.01,XGB,12,1.5,RMSE,1.7937848559443976
Lipo,exp,777,0.01,XGB,12,1.5,RMSE,0.8974985423109528
BBBP,p_np,777,0.01,LGBM,12,1.5,ROC-AUC,0.7055593024376146
BACE,Class,777,0.01,LGBM,12,1.5,ROC-AUC,0.8248188405797102
HIV,HIV_active,777,0.01,LGBM,12,1.5,ROC-AUC,0.7589814403522662
ESOL,measured log solubility in mols per litre,777,0.01,LGBM,12,1.5,RMSE,1.5361453504248606
Lipo,exp,777,0.01,LGBM,12,1.5,RMSE,0.882005337336626
BBBP,p_np,777,0.01,CatBoost,12,1.5,ROC-AUC,0.6812795066962134
BACE,Class,777,0.01,CatBoost,12,1.5,ROC-AUC,0.8413043478260871
HIV,HIV_active,777,0.01,CatBoost,12,1.5,ROC-AUC,0.7368701597172599
ESOL,measured log solubility in mols per litre,777,0.01,CatBoost,12,1.5,RMSE,1.6891162514720577
Lipo,exp,777,0.01,CatBoost,12,1.5,RMSE,0.9103412902640831
